Date,Visitor,Visitor Score,Home Team,Home Score,Line
08/26/1990,Colorado,31,Tennessee,31,-4.0
08/31/1990,Southern Cal,34,Syracuse,16,-9.0
09/01/1990,Arkansas State,24,Memphis,24, 
09/01/1990,Baylor,0,Nebraska,13,17.5
09/01/1990,Brigham Young,30,UTEP,10,-21.5
09/01/1990,Central Michigan,17,Kentucky,20, 
09/01/1990,Colorado State,35,Air Force,33,2.0
09/01/1990,Delta State,0,Southern Miss,12, 
09/01/1990,Duke,10,South Carolina,21,3.0
09/01/1990,Eastern Illinois,17,Northern Illinois,28, 
09/01/1990,Eastern Michigan,10,Fresno State,41, 
09/01/1990,Illinois State,7,Akron,17, 
09/01/1990,Kent State,24,West Virginia,35, 
09/01/1990,Long Beach State,0,Clemson,59, 
09/01/1990,Louisville,10,San Jose State,10, 
09/01/1990,Louisiana Tech,17,East Carolina,27, 
09/01/1990,Miami-Ohio,0,North Carolina,34, 
09/01/1990,Montana,22,Oregon State,15, 
09/01/1990,New Mexico,29,New Mexico State,12, 
09/01/1990,Ohio,3,Pittsburgh,35, 
09/01/1990,Pacific,7,Tennessee,55, 
09/01/1990,Sonoma State,24,Fullerton State,38, 
09/01/1990,UL-Lafayette,48,Tulane,6, 
09/01/1990,Missouri State,31,Nevada-Las Vegas,24, 
09/01/1990,Temple,23,Wyoming,38,16.0
09/01/1990,Tulsa,3,Oklahoma State,10,2.0
09/01/1990,Texas A+M,28,Hawaii,13,-7.0
09/01/1990,Utah,19,Utah State,0, 
09/01/1990,Virginia,59,Kansas,10,-20.0
09/01/1990,Virginia Tech,13,Maryland,20,0.0
09/01/1990,Washington State,21,Texas Christian,3,-6.0
09/01/1990,Western Carolina,0,No Carolina State,67, 
09/01/1990,Wake Forest,17,Rice,33,3.0
09/02/1990,Bowling Green,34,Cincinnati,20, 
09/06/1990,Stanford,17,Colorado,21,20.0
09/08/1990,Akron,38,Kent State,10, 
09/08/1990,Appalachian State,12,Wake Forest,23, 
09/08/1990,Ball State,13,Illinois State,3, 
09/08/1990,Baylor,13,Arizona State,34,2.5
09/08/1990,Boston College,6,Pittsburgh,29,12.5
09/08/1990,Bowling Green,7,Virginia Tech,21, 
09/08/1990,California,28,Wisconsin,12,-3.5
09/08/1990,Cincinnati,0,Central Michigan,34, 
09/08/1990,Clemson,7,Virginia,20,-2.0
09/08/1990,Duke,27,Northwestern,24,-11.5
09/08/1990,East Carolina,24,Florida State,45,29.0
09/08/1990,Fullerton State,17,Auburn,38, 
09/08/1990,Georgia,13,Louisiana State,18,-1.0
09/08/1990,Hawaii,3,Air Force,27,-2.0
09/08/1990,Illinois,16,Arizona,28,2.0
09/08/1990,Kentucky,8,Rutgers,24,-6.0
09/08/1990,Long Beach State,13,Utah State,27, 
09/08/1990,Louisiana Tech,51,McNeese State,3, 
09/08/1990,Maryland,14,West Virginia,10,5.0
09/08/1990,Memphis,21,Mississippi,23,11.5
09/08/1990,Miami-Florida,21,Brigham Young,28,-13.5
09/08/1990,Montana State,5,Colorado State,41, 
09/08/1990,Murray State,0,Louisville,68, 
09/08/1990,North Carolina,5,South Carolina,27,13.0
09/08/1990,No Carolina State,13,Georgia Tech,21,2.0
09/08/1990,UL-Monroe,18,Arkansas State,23, 
09/08/1990,Nicholls State,21,UL-Lafayette,24, 
09/08/1990,Northern Illinois,14,Nebraska,60, 
09/08/1990,New Mexico,17,Fresno State,24, 
09/08/1990,New Mexico State,24,UTEP,27, 
09/08/1990,Northern Iowa,6,Iowa State,35, 
09/08/1990,Oklahoma,34,U.C.L.A.,14,2.0
09/08/1990,Oklahoma State,7,Florida,50,17.0
09/08/1990,Oregon State,12,Kansas,38,-7.0
09/08/1990,Richmond,17,Navy,28, 
09/08/1990,Sacramento State,33,Pacific,41, 
09/08/1990,San Diego State,21,Oregon,42,13.5
09/08/1990,San Jose State,17,Washington,20, 
09/08/1990,Southern Miss,27,Alabama,24,19.0
09/08/1990,Missouri State,28,Tulsa,41, 
09/08/1990,Texas Christian,20,Missouri,19,3.5
09/08/1990,Temple,9,Syracuse,19,19.0
09/08/1990,Tennessee,40,Mississippi State,7,-13.0
09/08/1990,Texas,17,Penn State,13,8.0
09/08/1990,Toledo,20,Miami-Ohio,14, 
09/08/1990,Texas Tech,10,Ohio State,17,9.5
09/08/1990,Tulane,21,Rice,10,7.5
09/08/1990,Nevada-Las Vegas,9,Houston,37, 
09/08/1990,Utah,35,Minnesota,29,11.0
09/08/1990,Vanderbilt,7,S-M-U,44,-9.0
09/08/1990,Western Illinois,6,Kansas State,27, 
09/08/1990,Western Michigan,24,Eastern Michigan,27, 
09/08/1990,Wyoming,34,Washington State,13,9.0
09/13/1990,Houston,51,Texas Tech,35,-10.0
09/15/1990,Arkansas State,27,Wyoming,34, 
09/15/1990,Arizona,25,New Mexico,10,-17.0
09/15/1990,Auburn,24,Mississippi,10,-12.5
09/15/1990,Ball State,7,Wisconsin,24, 
09/15/1990,Cincinnati,10,Iowa,63,37.0
09/15/1990,The Citadel,7,Air Force,10, 
09/15/1990,Clemson,18,Maryland,17,-10.0
09/15/1990,Central Michigan,14,Akron,14, 
09/15/1990,Colgate,17,Rutgers,28, 
09/15/1990,Colorado,22,Illinois,23,-3.5
09/15/1990,Connecticut,21,North Carolina,48, 
09/15/1990,Colorado State,20,Arizona State,31,9.5
09/15/1990,Florida,17,Alabama,13,1.0
09/15/1990,Fresno State,31,Utah,7, 
09/15/1990,Fullerton State,13,Mississippi State,27, 
09/15/1990,Georgia Southern,6,Florida State,48, 
09/15/1990,Holy Cross,7,Army,24, 
09/15/1990,Iowa State,16,Minnesota,20,0.0
09/15/1990,Idaho,23,Oregon,55, 
09/15/1990,Indiana,45,Kentucky,24,-1.5
09/15/1990,Kansas,16,Louisville,28,21.0
09/15/1990,Long Beach State,20,San Diego State,38, 
09/15/1990,Louisiana Tech,21,Western Michigan,27, 
09/15/1990,Michigan State,23,Syracuse,23,-3.5
09/15/1990,Miami-Florida,52,California,24,-21.0
09/15/1990,Miami-Ohio,7,Louisiana State,35, 
09/15/1990,Michigan,24,Notre Dame,28,6.0
09/15/1990,Navy,14,Virginia,56,27.0
09/15/1990,Northern Illinois,14,Toledo,23, 
09/15/1990,New Mexico State,7,Kansas State,52, 
09/15/1990,Northern Iowa,23,Oklahoma State,33, 
09/15/1990,Ohio,18,Eastern Michigan,21, 
09/15/1990,Ohio State,31,Boston College,10,-6.5
09/15/1990,Penn State,14,Southern Cal,19,13.5
09/15/1990,Austin Peay,0,Temple,28, 
09/15/1990,Pittsburgh,10,Oklahoma,52,6.0
09/15/1990,San Jose State,28,Pacific,14, 
09/15/1990,Southern Miss,17,Georgia,18,11.0
09/15/1990,S-M-U,7,Tulane,43,4.0
09/15/1990,Stanford,31,U.C.L.A.,32,5.0
09/15/1990,UL-Lafayette,14,Texas A+M,63, 
09/15/1990,Tulsa,3,Arkansas,28,17.0
09/15/1990,Nevada-Las Vegas,45,Oregon State,20, 
09/15/1990,UTEP,0,Tennessee,56,37.0
09/15/1990,Utah State,10,Missouri,45, 
09/15/1990,Virginia Tech,24,East Carolina,23,-1.0
09/15/1990,Washington,20,Purdue,14,-8.5
09/15/1990,Washington State,36,Brigham Young,50,11.5
09/15/1990,Wake Forest,15,No Carolina State,20,13.5
09/22/1990,Air Force,12,Wyoming,24,9.0
09/22/1990,Arkansas State,7,Louisiana Tech,40, 
09/22/1990,Alabama,16,Georgia,17,-3.0
09/22/1990,Appalachian State,0,Clemson,48, 
09/22/1990,Bowling Green,0,Central Michigan,17, 
09/22/1990,California,31,Washington State,41,6.0
09/22/1990,U-C-F,28,Memphis,37, 
09/22/1990,Chattanooga,9,Georgia Tech,44, 
09/22/1990,Colorado,29,Texas,22,-6.0
09/22/1990,East Carolina,20,UL-Lafayette,10, 
09/22/1990,Eastern Michigan,14,Youngstown State,24, 
09/22/1990,Florida State,31,Tulane,13,-26.0
09/22/1990,Fullerton State,17,Akron,48, 
09/22/1990,Furman,3,Florida,27, 
09/22/1990,Hawaii,19,Utah,7,-3.5
09/22/1990,Iowa State,35,Iowa,45,14.0
09/22/1990,Indiana State,13,Purdue,41, 
09/22/1990,Kent State,10,Western Michigan,37, 
09/22/1990,Kansas State,35,Northern Illinois,42, 
09/22/1990,Kentucky,13,North Carolina,16,2.0
09/22/1990,Louisville,9,West Virginia,7,2.0
09/22/1990,Louisiana State,21,Vanderbilt,24,-17.0
09/22/1990,Miami-Ohio,16,Cincinnati,12, 
09/22/1990,Minnesota,0,Nebraska,56,29.0
09/22/1990,Mississippi,21,Arkansas,17,13.0
09/22/1990,Missouri,7,Indiana,58,8.5
09/22/1990,No Carolina State,12,Maryland,13,3.0
09/22/1990,Notre Dame,20,Michigan State,19,-6.0
09/22/1990,New Mexico State,3,Fresno State,42, 
09/22/1990,North Texas,8,Texas A+M,40, 
09/22/1990,Northwestern,14,Rice,31,7.0
09/22/1990,Oklahoma State,21,Texas Christian,31,4.5
09/22/1990,Oregon,17,Arizona,22,5.5
09/22/1990,Oregon State,3,Stanford,37,27.0
09/22/1990,Pacific,7,Long Beach State,28, 
09/22/1990,Pittsburgh,20,Syracuse,20,1.0
09/22/1990,Rutgers,0,Penn State,28,15.0
09/22/1990,Southern Cal,0,Washington,31,-5.5
09/22/1990,South Carolina,35,Virginia Tech,24,-3.0
09/22/1990,San Diego State,34,Brigham Young,62,22.0
09/22/1990,Sam Houston State,9,Baylor,13, 
09/22/1990,Southern Illinois,21,Illinois,56, 
09/22/1990,San Jose State,47,Nevada-Las Vegas,13, 
09/22/1990,Southern Miss,10,Mississippi State,13,-5.0
09/22/1990,Temple,24,Wisconsin,18,3.0
09/22/1990,Tennessee Tech,32,Ohio,42, 
09/22/1990,Toledo,28,Ball State,16, 
09/22/1990,Texas Tech,34,New Mexico,32,-8.5
09/22/1990,Tulsa,10,Oklahoma,52,37.0
09/22/1990,U.C.L.A.,15,Michigan,38,14.0
09/22/1990,UTEP,20,Colorado State,38,24.0
09/22/1990,Villanova,21,Navy,23, 
09/22/1990,Virginia,59,Duke,0,-16.0
09/22/1990,Virginia Military,17,Army,41, 
09/29/1990,Air Force,18,San Diego State,48,4.0
09/29/1990,Akron,23,Youngstown State,28, 
09/29/1990,Arkansas State,20,Southern Illinois,17, 
09/29/1990,Army,14,Wake Forest,52,-1.5
09/29/1990,Arizona State,9,Missouri,30,-12.0
09/29/1990,Baylor,21,Texas Tech,15,2.5
09/29/1990,Boise State,20,Long Beach State,21, 
09/29/1990,Boston College,28,Navy,17,-7.5
09/29/1990,Bowling Green,6,Ball State,16, 
09/29/1990,Brigham Young,16,Oregon,32,-3.0
09/29/1990,California,30,Arizona,25,12.5
09/29/1990,Cincinnati,27,Kent State,24, 
09/29/1990,Colorado State,20,Arkansas,31,12.0
09/29/1990,Duke,7,Clemson,26,24.0
09/29/1990,East Carolina,15,Georgia,19,9.0
09/29/1990,Eastern Michigan,6,Indiana,37, 
09/29/1990,Fresno State,38,Fullerton State,3, 
09/29/1990,Iowa,21,Miami-Florida,48,22.5
09/29/1990,Kansas,17,Oklahoma,31,41.0
09/29/1990,Louisville,13,Southern Miss,25,1.0
09/29/1990,Michigan State,34,Rutgers,10,-17.0
09/29/1990,Maryland,17,Michigan,45,21.0
09/29/1990,Memphis,22,Tulsa,10,0.0
09/29/1990,Miami-Ohio,7,Central Michigan,31, 
09/29/1990,Mississippi State,21,Florida,34,21.0
09/29/1990,No Carolina State,12,North Carolina,9,-7.5
09/29/1990,Northern Illinois,7,Northwestern,24, 
09/29/1990,New Mexico,6,Kansas State,38,-4.0
09/29/1990,Oregon State,7,Nebraska,31,49.0
09/29/1990,Purdue,11,Notre Dame,37,24.0
09/29/1990,Rice,22,Houston,24,29.0
09/29/1990,Southern Cal,35,Ohio State,26,-1.5
09/29/1990,South Carolina,6,Georgia Tech,27,3.5
09/29/1990,Sam Houston State,10,UTEP,17, 
09/29/1990,San Jose State,29,Stanford,23, 
09/29/1990,UL-Lafayette,10,Louisiana Tech,24, 
09/29/1990,Texas Christian,42,S-M-U,21,-7.0
09/29/1990,Tennessee,26,Auburn,26,2.0
09/29/1990,Toledo,27,Ohio,20, 
09/29/1990,Tulane,21,Mississippi,31,7.5
09/29/1990,Texas A+M,8,Louisiana State,17,-8.0
09/29/1990,U.C.L.A.,30,Washington State,20,1.5
09/29/1990,Nevada-Las Vegas,37,Pacific,28, 
09/29/1990,Vanderbilt,28,Alabama,59,23.0
09/29/1990,Virginia Tech,28,Florida State,39,25.0
09/29/1990,Washington,14,Colorado,20,5.5
09/29/1990,Western Michigan,20,Iowa State,34, 
09/29/1990,William + Mary,35,Virginia,63, 
09/29/1990,West Virginia,38,Pittsburgh,24,10.0
09/29/1990,Wyoming,28,Utah,10,-11.0
10/06/1990,Alabama,25,UL-Lafayette,6, 
10/06/1990,Appalachian State,0,No Carolina State,56, 
10/06/1990,Arizona,28,U.C.L.A.,21,3.5
10/06/1990,Ball State,10,Miami-Ohio,24, 
10/06/1990,Central Michigan,42,Kent State,0, 
10/06/1990,Colorado,33,Missouri,31,-16.5
10/06/1990,Duke,17,Army,16,2.5
10/06/1990,Eastern Michigan,23,Toledo,37, 
10/06/1990,Fresno State,18,Northern Illinois,73, 
10/06/1990,Florida State,22,Miami-Florida,31,5.0
10/06/1990,Fullerton State,10,Nevada-Las Vegas,29, 
10/06/1990,Georgia,3,Clemson,34,9.5
10/06/1990,Georgia Tech,31,Maryland,3,0.0
10/06/1990,Houston,31,Baylor,15,-11.5
10/06/1990,Illinois,31,Ohio State,20,0.0
10/06/1990,Indiana,42,Northwestern,0,-19.0
10/06/1990,Iowa,12,Michigan State,7,10.0
10/06/1990,Kansas,34,Iowa State,34,10.5
10/06/1990,Kentucky,29,Mississippi,35,8.5
10/06/1990,Louisiana State,8,Florida,34,12.0
10/06/1990,Louisiana Tech,14,Auburn,16, 
10/06/1990,Maine,3,Hawaii,44, 
10/06/1990,Michigan,41,Wisconsin,3,-27.0
10/06/1990,Minnesota,19,Purdue,7,8.5
10/06/1990,Navy,7,Air Force,24,10.0
10/06/1990,North Carolina,31,Wake Forest,24,5.0
10/06/1990,Nebraska,45,Kansas State,8,-32.0
10/06/1990,New Mexico State,27,Long Beach State,31, 
10/06/1990,Northwestern St(LA),8,Arkansas State,16, 
10/06/1990,Ohio,10,Bowling Green,10, 
10/06/1990,Oklahoma,31,Oklahoma State,17,-24.0
10/06/1990,Rutgers,14,Boston College,19,6.0
10/06/1990,San Diego State,51,Wyoming,52,8.5
10/06/1990,San Jose State,34,California,35, 
10/06/1990,Southern Miss,16,East Carolina,7,0.0
10/06/1990,S-M-U,7,North Texas,14, 
10/06/1990,Stanford,36,Notre Dame,31,17.0
10/06/1990,Syracuse,49,Vanderbilt,14,-13.5
10/06/1990,Texas Christian,54,Arkansas,26,14.0
10/06/1990,Temple,10,Penn State,48,19.0
10/06/1990,Texas,26,Rice,10,-8.0
10/06/1990,Texas Tech,24,Texas A+M,28,16.5
10/06/1990,Tulane,14,Memphis,21,3.0
10/06/1990,Tulsa,14,Louisville,38,15.5
10/06/1990,Utah,13,Colorado State,28,15.0
10/06/1990,UTEP,28,New Mexico,48,9.5
10/06/1990,Utah State,7,Oregon,52, 
10/06/1990,Washington,42,Arizona State,14,-7.5
10/06/1990,Washington State,17,Southern Cal,30,15.5
10/06/1990,Western Michigan,24,Akron,20, 
10/06/1990,West Virginia,21,Virginia Tech,26,0.0
10/13/1990,Air Force,27,Notre Dame,57,28.0
10/13/1990,Akron,13,Navy,17, 
10/13/1990,Arkansas State,0,Northern Illinois,35, 
10/13/1990,Arizona,21,Oregon State,35,-21.5
10/13/1990,Army,20,Boston College,41,5.0
10/13/1990,Bowling Green,13,Toledo,19, 
10/13/1990,California,31,Arizona State,24,0.0
10/13/1990,Cincinnati,20,West Virginia,28,35.0
10/13/1990,Clemson,19,Georgia Tech,21,-2.0
10/13/1990,Colorado State,9,Brigham Young,52,16.0
10/13/1990,East Carolina,7,South Carolina,37,9.5
10/13/1990,Florida,3,Tennessee,45,4.5
10/13/1990,Hawaii,10,UTEP,12,-13.0
10/13/1990,Iowa State,12,Colorado,28,21.5
10/13/1990,Kansas,0,Miami-Florida,34,35.0
10/13/1990,Kent State,0,Ball State,31, 
10/13/1990,Long Beach State,29,San Jose State,46, 
10/13/1990,Louisiana Tech,35,Tulsa,21, 
10/13/1990,Michigan State,28,Michigan,27,11.5
10/13/1990,Memphis,17,Louisville,19,11.0
10/13/1990,Miami-Ohio,40,Ohio,18, 
10/13/1990,Mississippi,28,Georgia,12,4.0
10/13/1990,Missouri,21,Nebraska,69,26.0
10/13/1990,Mississippi State,15,Kentucky,17,0.0
10/13/1990,No Carolina State,0,Virginia,31,17.5
10/13/1990,New Mexico,22,Wyoming,25,16.0
10/13/1990,Northwestern,25,Minnesota,35,9.5
10/13/1990,Ohio State,27,Indiana,27,6.5
10/13/1990,Oklahoma,13,Texas,14,-8.5
10/13/1990,Oklahoma State,17,Kansas State,23,-4.0
10/13/1990,Oregon,17,Washington,38,5.0
10/13/1990,Pacific,67,Fullerton State,37, 
10/13/1990,Purdue,0,Illinois,34,18.5
10/13/1990,Rice,28,Texas Christian,38,7.5
10/13/1990,Rutgers,21,Pittsburgh,45,17.0
10/13/1990,Southern Cal,37,Stanford,22,-6.0
10/13/1990,San Diego State,31,U.C.L.A.,45,11.0
10/13/1990,Southern Miss,20,Tulane,14,-6.0
10/13/1990,S-M-U,17,Baylor,52,17.5
10/13/1990,Syracuse,21,Penn State,27,6.5
10/13/1990,Texas Tech,49,Arkansas,44,7.0
10/13/1990,Texas A+M,31,Houston,36,4.5
10/13/1990,Nevada-Las Vegas,24,New Mexico State,20, 
10/13/1990,Utah State,24,Fresno State,24, 
10/13/1990,Vanderbilt,6,Auburn,56,32.0
10/13/1990,Western Carolina,18,Duke,49, 
10/13/1990,Wake Forest,13,Maryland,41,7.5
10/13/1990,Wisconsin,10,Iowa,30,19.0
10/13/1990,Western Michigan,13,Central Michigan,20, 
10/20/1990,Akron,0,Florida,59, 
10/20/1990,Arkansas State,13,Mississippi,42, 
10/20/1990,Alabama,9,Tennessee,6,11.0
10/20/1990,Arizona,35,Southern Cal,26,13.5
10/20/1990,Arkansas,17,Texas,49,7.0
10/20/1990,Arizona State,7,Oregon,27,17.0
10/20/1990,Ball State,13,Western Michigan,14, 
10/20/1990,Baylor,20,Texas A+M,20,12.0
10/20/1990,Cincinnati,32,East Carolina,56,17.0
10/20/1990,The Citadel,38,South Carolina,35, 
10/20/1990,Clemson,24,No Carolina State,17,-10.5
10/20/1990,Colorado,41,Kansas,10,-17.0
10/20/1990,Eastern Michigan,15,Bowling Green,25, 
10/20/1990,Florida State,17,Auburn,20,-1.0
10/20/1990,Fullerton State,21,Hawaii,45, 
10/20/1990,Georgia Tech,13,North Carolina,13,-13.0
10/20/1990,Houston,44,S-M-U,17,-35.0
10/20/1990,Iowa State,33,Oklahoma,31,23.0
10/20/1990,Indiana,0,Minnesota,12,-14.0
10/20/1990,Iowa,24,Michigan,23,15.0
10/20/1990,Kansas State,10,Missouri,31,8.0
10/20/1990,Kentucky,20,Louisiana State,30,13.0
10/20/1990,Lafayette,0,Army,56, 
10/20/1990,Long Beach State,16,Fresno State,28, 
10/20/1990,Louisville,27,Pittsburgh,20,4.5
10/20/1990,Michigan State,13,Illinois,15,3.0
10/20/1990,Maryland,23,Duke,20,-4.5
10/20/1990,Memphis,7,Southern Miss,23,7.5
10/20/1990,Miami-Florida,20,Notre Dame,29,-3.0
10/20/1990,Mississippi State,38,Tulane,17,0.0
10/20/1990,Murray State,7,Northern Illinois,49, 
10/20/1990,Nevada-Reno,26,Nevada-Las Vegas,14, 
10/20/1990,New Mexico,7,Colorado State,47,8.5
10/20/1990,New Mexico State,24,Pacific,62, 
10/20/1990,Ohio,15,Kent State,44, 
10/20/1990,Ohio State,42,Purdue,2,-13.0
10/20/1990,Oklahoma State,3,Nebraska,31,34.0
10/20/1990,Penn State,40,Boston College,21,-12.0
10/20/1990,Rutgers,0,Syracuse,42,19.5
10/20/1990,UL-Lafayette,25,Tulsa,13, 
10/20/1990,Toledo,12,Central Michigan,13, 
10/20/1990,Texas Tech,21,Rice,42,-4.0
10/20/1990,U.C.L.A.,31,California,38,-1.5
10/20/1990,UTEP,23,Utah,37,10.0
10/20/1990,Utah State,27,San Jose State,34, 
10/20/1990,Vanderbilt,28,Georgia,39,21.0
10/20/1990,Virginia,49,Wake Forest,14,-28.0
10/20/1990,Virginia Tech,28,Temple,31,-6.5
10/20/1990,Washington,52,Stanford,16,-6.5
10/20/1990,Washington State,55,Oregon State,24,-11.0
10/20/1990,Weber State,12,Wyoming,21, 
10/20/1990,Wisconsin,34,Northwestern,44,1.0
10/27/1990,Akron,17,Rutgers,20, 
10/27/1990,Arkansas,28,Houston,62,18.0
10/27/1990,Auburn,17,Mississippi State,16,-14.5
10/27/1990,Stephen F Austin,22,Louisiana Tech,31, 
10/27/1990,Baylor,27,Texas Christian,21,3.0
10/27/1990,Boston College,27,West Virginia,14,8.0
10/27/1990,California,7,Washington,46,17.0
10/27/1990,Cincinnati,7,Tulane,49,20.0
10/27/1990,Clemson,24,Wake Forest,6,-21.5
10/27/1990,Central Michigan,16,Eastern Michigan,12, 
10/27/1990,Duke,31,Georgia Tech,48,17.5
10/27/1990,East Carolina,27,Temple,30,1.0
10/27/1990,Fullerton State,35,Long Beach State,37, 
10/27/1990,Georgia,24,Kentucky,26,-2.0
10/27/1990,Illinois,21,Wisconsin,3,-21.0
10/27/1990,Indiana State,0,Ball State,42, 
10/27/1990,James Madison,16,Navy,7, 
10/27/1990,Kent State,14,Toledo,28, 
10/27/1990,Kansas State,24,Kansas,27,5.0
10/27/1990,Louisiana State,3,Florida State,42,17.5
10/27/1990,Maryland,10,North Carolina,34,-3.5
10/27/1990,Miami-Florida,45,Texas Tech,10,-22.0
10/27/1990,Miami-Ohio,10,Bowling Green,10, 
10/27/1990,Michigan,45,Indiana,19,-8.0
10/27/1990,Minnesota,23,Ohio State,52,16.5
10/27/1990,Mississippi,14,Vanderbilt,13,-14.5
10/27/1990,Missouri,28,Oklahoma State,48,-2.0
10/27/1990,Notre Dame,31,Pittsburgh,22,-12.5
10/27/1990,Nebraska,45,Iowa State,13,-22.5
10/27/1990,Northwestern,14,Iowa,56,23.5
10/27/1990,Oklahoma,23,Colorado,32,5.5
10/27/1990,Oregon State,17,U.C.L.A.,26,22.5
10/27/1990,Pacific,24,Hawaii,35, 
10/27/1990,Penn State,9,Alabama,0,2.5
10/27/1990,Purdue,33,Michigan State,55,25.0
10/27/1990,Rice,15,Texas A+M,41,15.5
10/27/1990,Southern Cal,13,Arizona State,6,-13.0
10/27/1990,South Carolina,29,No Carolina State,38,2.0
10/27/1990,Southern Miss,16,Virginia Tech,20,-2.5
10/27/1990,S-M-U,3,Texas,52,32.0
10/27/1990,Stanford,0,Oregon,31,8.5
10/27/1990,UL-Lafayette,6,Memphis,20, 
10/27/1990,Syracuse,26,Army,14,-14.0
10/27/1990,Tulsa,35,New Mexico State,10, 
10/27/1990,Nevada-Las Vegas,6,Utah State,31, 
10/27/1990,Utah,21,Air Force,52,9.0
10/27/1990,Washington State,34,Arizona,42,7.5
10/27/1990,Western Kentucky,7,Louisville,41, 
10/27/1990,Western Michigan,31,Ohio,23, 
10/27/1990,Wyoming,17,UTEP,10,-15.0
10/29/1990,New Mexico,31,Brigham Young,55,33.0
11/02/1990,Arkansas State,26,North Texas,35, 
11/03/1990,Alabama,22,Mississippi State,0,-9.0
11/03/1990,Arizona,10,Washington,54,16.0
11/03/1990,Auburn,7,Florida,48,3.0
11/03/1990,Ball State,13,Central Michigan,3, 
11/03/1990,Bowling Green,20,Kent State,16, 
11/03/1990,Brigham Young,54,Air Force,7,-17.5
11/03/1990,California,31,Southern Cal,31,15.0
11/03/1990,Colorado,27,Nebraska,12,7.0
11/03/1990,East Carolina,24,Memphis,17,5.5
11/03/1990,Eastern Michigan,14,Miami-Ohio,34, 
11/03/1990,Fresno State,45,Nevada-Las Vegas,18, 
11/03/1990,Florida State,41,South Carolina,10,-15.0
11/03/1990,Georgia Tech,41,Virginia,38,13.5
11/03/1990,Iowa State,14,Kansas State,28,-6.5
11/03/1990,Indiana,20,Michigan State,45,13.5
11/03/1990,Iowa,54,Illinois,28,4.0
11/03/1990,Kansas,31,Oklahoma State,30,6.0
11/03/1990,Louisville,41,Cincinnati,16,-30.0
11/03/1990,Louisiana Tech,31,UL-Monroe,7, 
11/03/1990,Michigan,38,Purdue,13,-27.0
11/03/1990,Minnesota,21,Wisconsin,3,-4.0
11/03/1990,Mississippi,19,Louisiana State,10,2.5
11/03/1990,Navy,31,Notre Dame,52,35.0
11/03/1990,North Carolina,3,Clemson,20,17.0
11/03/1990,No Carolina State,16,Virginia Tech,20,-2.5
11/03/1990,Northern Illinois,31,Akron,28, 
11/03/1990,New Mexico,16,Hawaii,43,10.0
11/03/1990,New Mexico State,10,Utah State,55, 
11/03/1990,Northwestern,7,Ohio State,48,29.0
11/03/1990,Ohio,0,Youngstown State,27, 
11/03/1990,Oklahoma,55,Missouri,10,-14.5
11/03/1990,Oregon State,9,Arizona State,34,14.0
11/03/1990,Penn State,31,West Virginia,19,-10.5
11/03/1990,Pittsburgh,0,Miami-Florida,45,24.0
11/03/1990,Portland State,35,Pacific,41, 
11/03/1990,Rice,19,Arkansas,11,5.0
11/03/1990,Rutgers,31,Army,35,6.5
11/03/1990,San Jose State,44,Fullerton State,6, 
11/03/1990,Southern Miss,14,UL-Lafayette,13,-7.0
11/03/1990,Syracuse,35,Boston College,6,-9.0
11/03/1990,Texas Christian,35,Houston,56,22.0
11/03/1990,Temple,20,Tennessee,41,32.0
11/03/1990,Texas,41,Texas Tech,22,-11.0
11/03/1990,Toledo,37,Western Michigan,9, 
11/03/1990,Texas A+M,38,S-M-U,17,-29.0
11/03/1990,U.C.L.A.,24,Oregon,28,10.0
11/03/1990,Utah,14,San Diego State,66,14.5
11/03/1990,Washington State,13,Stanford,31,2.5
11/03/1990,Wake Forest,20,Duke,57,6.0
11/03/1990,Wyoming,8,Colorado State,17,3.0
11/10/1990,Air Force,15,Army,3,4.5
11/10/1990,Akron,15,Louisiana Tech,36, 
11/10/1990,Arkansas,3,Baylor,34,10.0
11/10/1990,Arizona State,51,Washington State,26,4.5
11/10/1990,Ball State,20,Eastern Michigan,13, 
11/10/1990,Boston College,10,Louisville,17,12.0
11/10/1990,Brigham Young,45,Wyoming,14,-14.0
11/10/1990,Cincinnati,21,Florida State,70,50.0
11/10/1990,Central Michigan,52,Ohio,7, 
11/10/1990,Duke,0,No Carolina State,16,7.0
11/10/1990,Florida,38,Georgia,7,-18.0
11/10/1990,Hawaii,38,San Diego State,44,10.0
11/10/1990,Houston,24,Texas,45,0.0
11/10/1990,Illinois,17,Michigan,22,11.5
11/10/1990,Kent State,10,Miami-Ohio,31, 
11/10/1990,Kansas State,7,Oklahoma,34,28.0
11/10/1990,Louisiana State,3,Alabama,24,14.5
11/10/1990,Michigan State,28,Minnesota,16,-15.5
11/10/1990,Maryland,10,Penn State,24,14.0
11/10/1990,Missouri,25,Iowa State,27,6.5
11/10/1990,Mississippi State,27,Memphis,23,0.0
11/10/1990,Navy,14,Toledo,10, 
11/10/1990,Notre Dame,34,Tennessee,29,3.5
11/10/1990,Nebraska,41,Kansas,9,-26.0
11/10/1990,Northern Illinois,20,East Carolina,24, 
11/10/1990,Northridge State,24,Long Beach State,25, 
11/10/1990,Ohio State,27,Iowa,26,5.5
11/10/1990,Oklahoma State,22,Colorado,41,26.0
11/10/1990,Oregon,3,California,28,-6.0
11/10/1990,Pacific,17,Fresno State,48, 
11/10/1990,Purdue,33,Northwestern,13,-3.0
11/10/1990,Southern Cal,56,Oregon State,7,-23.0
11/10/1990,Southern Illinois,13,South Carolina,38, 
11/10/1990,San Jose State,56,New Mexico State,20, 
11/10/1990,Southern Miss,13,Auburn,12,12.0
11/10/1990,S-M-U,28,Rice,30,18.0
11/10/1990,Stanford,23,Arizona,10,4.5
11/10/1990,UL-Lafayette,17,Arkansas State,16, 
11/10/1990,Temple,28,Pittsburgh,18,10.0
11/10/1990,Texas Tech,40,Texas Christian,28,6.5
11/10/1990,Tulane,26,Syracuse,24,19.0
11/10/1990,Tulsa,13,Colorado State,31,15.0
11/10/1990,U.C.L.A.,25,Washington,22,20.0
11/10/1990,Utah,29,New Mexico,27,6.5
11/10/1990,Utah State,45,Fullerton State,17, 
11/10/1990,Vanderbilt,21,Kentucky,28,10.0
11/10/1990,Virginia,24,North Carolina,10,-19.0
11/10/1990,Virginia Tech,3,Georgia Tech,6,13.5
11/10/1990,Wisconsin,7,Indiana,20,19.0
11/10/1990,Western Michigan,19,Bowling Green,13, 
11/10/1990,West Virginia,28,Rutgers,3,-6.5
11/17/1990,Air Force,14,UTEP,13,-8.5
11/17/1990,Arkansas State,28,Toledo,43, 
11/17/1990,Army,42,Vanderbilt,38,2.0
11/17/1990,Baylor,17,Rice,16,-7.0
11/17/1990,Boston College,12,Miami-Florida,42,34.0
11/17/1990,Brigham Young,45,Utah,22,-34.0
11/17/1990,Cincinnati,7,Alabama,45,41.0
11/17/1990,Colorado State,30,Louisiana Tech,31, 
11/17/1990,Delaware,27,Navy,31, 
11/17/1990,Eastern Michigan,24,Kent State,25, 
11/17/1990,Eastern Washington,21,Houston,84, 
11/17/1990,Florida,47,Kentucky,15,-22.0
11/17/1990,Fresno State,7,San Jose State,42, 
11/17/1990,Fullerton State,9,New Mexico State,43, 
11/17/1990,Georgia,10,Auburn,33,17.5
11/17/1990,Georgia Tech,42,Wake Forest,7,-18.0
11/17/1990,Illinois,24,Indiana,10,-6.0
11/17/1990,Kansas State,3,Colorado,64,32.0
11/17/1990,Louisiana State,22,Mississippi State,34,1.0
11/17/1990,Michigan State,29,Northwestern,22,-29.0
11/17/1990,Maryland,35,Virginia,30,23.0
11/17/1990,Memphis,3,Florida State,35,29.0
11/17/1990,Miami-Ohio,17,Western Michigan,31, 
11/17/1990,Minnesota,18,Michigan,35,25.5
11/17/1990,Mississippi,13,Tennessee,22,12.0
11/17/1990,Montana State,2,Tulsa,20, 
11/17/1990,Missouri,31,Kansas,21,2.0
11/17/1990,North Carolina,24,Duke,22,1.0
11/17/1990,Northern Illinois,20,UL-Lafayette,24, 
11/17/1990,Ohio,6,Ball State,23, 
11/17/1990,Ohio State,35,Wisconsin,10,-23.0
11/17/1990,Oklahoma State,25,Iowa State,17,3.0
11/17/1990,Oregon,6,Oregon State,3,-20.0
11/17/1990,Pacific,45,Utah State,51, 
11/17/1990,Penn State,24,Notre Dame,21,6.5
11/17/1990,Purdue,9,Iowa,38,26.0
11/17/1990,Rutgers,22,Temple,29,9.5
11/17/1990,Southern Cal,45,U.C.L.A.,42,-5.0
11/17/1990,South Carolina,15,Clemson,24,16.5
11/17/1990,San Diego State,40,New Mexico,34,-14.0
11/17/1990,S-M-U,7,Texas Tech,62,18.0
11/17/1990,Stanford,27,California,25,4.0
11/17/1990,Syracuse,31,West Virginia,7,-6.0
11/17/1990,Texas,38,Texas Christian,10,-16.5
11/17/1990,Texas A+M,20,Arkansas,16,-15.5
11/17/1990,Nevada-Las Vegas,20,Long Beach State,29, 
11/17/1990,Washington,55,Washington State,10,-20.0
11/17/1990,Wyoming,17,Hawaii,38,3.5
11/22/1990,West Virginia,10,South Carolina,29,6.0
11/23/1990,Nebraska,10,Oklahoma,45,-1.0
11/24/1990,Arkansas,42,S-M-U,29,-13.5
11/24/1990,Arizona State,17,Arizona,21,3.0
11/24/1990,Colorado State,30,Hawaii,27,4.5
11/24/1990,Indiana,28,Purdue,14,-7.0
11/24/1990,Iowa,24,Minnesota,31,-13.0
11/24/1990,Kentucky,28,Tennessee,42,27.0
11/24/1990,Michigan,16,Ohio State,13,-2.0
11/24/1990,Mississippi,21,Mississippi State,9,-5.0
11/24/1990,Notre Dame,10,Southern Cal,6,0.0
11/24/1990,Northwestern,23,Illinois,28,30.0
11/24/1990,Pittsburgh,17,Penn State,22,16.0
11/24/1990,Syracuse,7,Miami-Florida,33,20.0
11/24/1990,Texas Christian,10,Texas A+M,56,14.0
11/24/1990,Temple,29,Boston College,10,2.0
11/24/1990,Texas,23,Baylor,13,-8.5
11/24/1990,Tulane,13,Louisiana State,16,5.5
11/24/1990,UTEP,31,San Diego State,58,21.0
11/24/1990,Utah State,10,Brigham Young,45, 
11/24/1990,Virginia,13,Virginia Tech,38,-5.5
11/24/1990,Wake Forest,56,Vanderbilt,28,3.5
11/24/1990,Wisconsin,9,Michigan State,14,29.0
12/01/1990,Alabama,16,Auburn,7,-2.5
12/01/1990,Brigham Young,28,Hawaii,59,-18.0
12/01/1990,Florida,30,Florida State,45,2.5
12/01/1990,Georgia Tech,40,Georgia,23,-12.5
12/01/1990,Miami-Florida,30,San Diego State,28,-24.0
12/01/1990,Tennessee,49,Vanderbilt,20,-29.0
12/01/1990,Texas A+M,27,Texas,28,7.0
12/02/1990,Arizona State,45,Houston,62,14.0
12/08/1990,Army,30,Navy,20,-6.0
