Date,Visitor,Visitor Score,Home Team,Home Score,Line
08/26/1992,Stanford,7,Texas A+M,10,3.5
08/29/1992,Iowa,14,No Carolina State,24,-6.0
09/03/1992,Oklahoma,34,Texas Tech,9,-9.0
09/03/1992,Western Michigan,19,Bowling Green,29,7.0
09/05/1992,Akron,27,Eastern Michigan,9,4.0
09/05/1992,Arkansas State,0,Toledo,49, 
09/05/1992,Appalachian State,10,No Carolina State,35, 
09/05/1992,Auburn,21,Mississippi,45,-5.0
09/05/1992,Ball State,10,Clemson,24,25.5
09/05/1992,Brigham Young,38,UTEP,28,-11.5
09/05/1992,The Citadel,10,Arkansas,3, 
09/05/1992,Central Michigan,14,Kentucky,21,13.0
09/05/1992,Colorado State,17,Colorado,37,24.0
09/05/1992,Duke,21,Florida State,48,32.0
09/05/1992,Fresno State,42,Pacific,21, 
09/05/1992,Georgia,28,South Carolina,6,-8.5
09/05/1992,Hawaii,24,Oregon,21,10.5
09/05/1992,Houston,25,Tulsa,28,-2.0
09/05/1992,Indiana State,3,Oklahoma State,35, 
09/05/1992,Iowa,7,Miami-Florida,24,13.5
09/05/1992,James Madison,20,Virginia Tech,49, 
09/05/1992,Kansas,49,Oregon State,20,-13.0
09/05/1992,Kent State,10,Pittsburgh,51,33.0
09/05/1992,Louisville,19,Ohio State,20,16.5
09/05/1992,Louisiana Tech,10,Baylor,9,9.5
09/05/1992,Maryland,15,Virginia,28,13.5
09/05/1992,Memphis,21,Southern Miss,23,-8.0
09/05/1992,Miami-Ohio,29,West Virginia,29,13.0
09/05/1992,Montana,13,Washington State,25, 
09/05/1992,Mississippi State,28,Texas,10,1.5
09/05/1992,North Carolina,35,Wake Forest,17,-8.5
09/05/1992,Nevada-Reno,6,Wyoming,25, 
09/05/1992,Northern Illinois,14,Illinois,30, 
09/05/1992,Northwestern,7,Notre Dame,42,35.0
09/05/1992,Ohio,9,Iowa State,35,20.0
09/05/1992,Penn State,24,Cincinnati,20,-26.5
09/05/1992,Rice,21,Air Force,30,5.5
09/05/1992,Rutgers,20,Boston College,37,4.5
09/05/1992,Southern Cal,31,San Diego State,31,-7.5
09/05/1992,San Jose State,16,California,46, 
09/05/1992,UL-Lafayette,3,Tennessee,38,20.5
09/05/1992,Syracuse,42,East Carolina,21,-12.5
09/05/1992,Texas Christian,7,New Mexico,24,-15.0
09/05/1992,Temple,35,Boston University,0, 
09/05/1992,Tulane,13,S-M-U,12,3.0
09/05/1992,Texas A+M,31,Louisiana State,22,-8.5
09/05/1992,Utah,22,Nebraska,49,25.5
09/05/1992,Utah State,3,Arizona,49, 
09/05/1992,Vanderbilt,8,Alabama,25,23.5
09/05/1992,Washington,31,Arizona State,7,-22.0
09/10/1992,San Diego State,45,Brigham Young,38,5.5
09/12/1992,Arkansas State,0,Oklahoma,61, 
09/12/1992,Appalachian State,7,Wake Forest,10, 
09/12/1992,Arkansas,45,South Carolina,7,3.0
09/12/1992,Ball State,10,Kansas,62,17.0
09/12/1992,Bowling Green,6,Ohio State,17,18.5
09/12/1992,California,14,Purdue,41,-12.5
09/12/1992,Central Michigan,24,Michigan State,20,20.0
09/12/1992,Colgate,0,Rutgers,41, 
09/12/1992,Colorado,57,Baylor,38,-9.5
09/12/1992,Duke,37,Vanderbilt,42,10.0
09/12/1992,Eastern Michigan,17,Louisiana Tech,31,23.5
09/12/1992,Fresno State,36,Oregon State,46,-12.0
09/12/1992,Florida State,24,Clemson,20,-6.5
09/12/1992,Fullerton State,14,U.C.L.A.,37, 
09/12/1992,Furman,0,North Carolina,28, 
09/12/1992,Hawaii,6,Air Force,3,8.0
09/12/1992,Holy Cross,7,Army,17, 
09/12/1992,Iowa State,7,Iowa,21,16.0
09/12/1992,Idaho,37,Colorado State,34, 
09/12/1992,Illinois State,19,Northern Illinois,26, 
09/12/1992,Kentucky,19,Florida,35,23.5
09/12/1992,Memphis,15,Louisville,16,2.5
09/12/1992,Miami-Ohio,0,Indiana,16,14.0
09/12/1992,Michigan,17,Notre Dame,17,3.0
09/12/1992,Missouri,17,Illinois,24,14.0
09/12/1992,Mississippi State,3,Louisiana State,24,-4.5
09/12/1992,Middle Tennessee,7,Nebraska,48, 
09/12/1992,No Carolina State,14,Maryland,10,-8.0
09/12/1992,UL-Monroe,23,UL-Lafayette,31, 
09/12/1992,New Mexico,39,New Mexico State,42, 
09/12/1992,North Texas,14,S-M-U,28, 
09/12/1992,Northwestern,0,Boston College,49,21.0
09/12/1992,Ohio,27,Kent State,14,0.0
09/12/1992,Oregon,7,Stanford,21,19.0
09/12/1992,Samford,0,Auburn,55, 
09/12/1992,San Jose State,39,Minnesota,30, 
09/12/1992,Southern Miss,10,Alabama,17,23.5
09/12/1992,Temple,8,Penn State,49,27.0
09/12/1992,Tennessee,34,Georgia,31,5.5
09/12/1992,Texas,21,Syracuse,31,13.5
09/12/1992,Toledo,20,Akron,23,-3.5
09/12/1992,Tulane,9,Mississippi,35,17.0
09/12/1992,Tulsa,9,Texas A+M,19,22.0
09/12/1992,Utah,42,Utah State,18, 
09/12/1992,UTEP,17,Nevada-Las Vegas,19, 
09/12/1992,Virginia,53,Navy,0,-19.0
09/12/1992,Virginia Tech,27,East Carolina,30,1.5
09/12/1992,Washington State,23,Arizona,20,4.5
09/12/1992,Western Carolina,19,Georgia Tech,37, 
09/12/1992,Wisconsin,10,Washington,27,31.5
09/12/1992,Western Michigan,17,Texas Christian,17,15.5
09/12/1992,West Virginia,44,Pittsburgh,6,6.0
09/12/1992,Wyoming,32,Texas Tech,49,13.5
09/17/1992,Pittsburgh,16,Rutgers,21,3.5
09/19/1992,Air Force,42,Wyoming,28,-1.5
09/19/1992,Akron,20,Western Michigan,24,3.0
09/19/1992,Alabama,38,Arkansas,11,-9.0
09/19/1992,Arizona,14,Oregon State,14,-9.0
09/19/1992,Army,9,North Carolina,22,21.5
09/19/1992,Ball State,10,Kent State,6,-12.0
09/19/1992,Bowling Green,18,Wisconsin,39,7.0
09/19/1992,Cincinnati,14,Miami-Ohio,17,2.0
09/19/1992,Colorado,21,Minnesota,20,-20.0
09/19/1992,Colorado State,21,Fresno State,52,8.0
09/19/1992,East Carolina,20,South Carolina,18,-3.0
09/19/1992,Eastern Michigan,7,Penn State,52,36.0
09/19/1992,Florida,14,Tennessee,31,-5.5
09/19/1992,Florida A+M,0,Miami-Florida,38, 
09/19/1992,Florida State,34,No Carolina State,13,-10.5
09/19/1992,Fullerton State,0,Georgia,56,39.5
09/19/1992,Georgia Tech,24,Virginia,55,5.5
09/19/1992,Illinois,13,Houston,31,3.5
09/19/1992,Indiana,25,Kentucky,37,-5.0
09/19/1992,Kansas,40,Tulsa,7,-3.0
09/19/1992,Louisville,0,Arizona State,19,6.0
09/19/1992,Louisiana State,28,Auburn,30,3.0
09/19/1992,Louisiana Tech,13,Southern Miss,16,-2.5
09/19/1992,Maryland,33,West Virginia,34,9.0
09/19/1992,Mississippi,9,Vanderbilt,31,-5.5
09/19/1992,Montana,12,Kansas State,27, 
09/19/1992,Mississippi State,20,Memphis,16,-5.0
09/19/1992,Navy,0,Boston College,28,34.0
09/19/1992,Notre Dame,52,Michigan State,31,-14.5
09/19/1992,Nebraska,14,Washington,29,7.0
09/19/1992,Northern Illinois,31,Arkansas State,0, 
09/19/1992,New Mexico State,30,UTEP,24,8.0
09/19/1992,Northwestern,24,Stanford,35,35.5
09/19/1992,Ohio,0,Central Michigan,24,14.5
09/19/1992,Ohio State,35,Syracuse,12,10.0
09/19/1992,Oklahoma State,3,Michigan,35,28.5
09/19/1992,Rice,12,Duke,17,-1.0
09/19/1992,Southern Cal,20,Oklahoma,10,11.0
09/19/1992,S-M-U,20,New Mexico,13,4.0
09/19/1992,UL-Lafayette,13,San Jose State,28,10.0
09/19/1992,Toledo,33,Purdue,29,13.0
09/19/1992,Texas Tech,13,Oregon,16,-1.0
09/19/1992,Tulane,14,Iowa State,38,9.5
09/19/1992,Texas A+M,26,Missouri,13,-17.0
09/19/1992,U.C.L.A.,17,Brigham Young,10,2.0
09/19/1992,Utah State,10,Baylor,45,23.5
09/19/1992,Virginia Tech,26,Temple,7,-10.0
09/24/1992,California,27,Kansas,23,6.5
09/26/1992,Arizona,7,Miami-Florida,8,28.0
09/26/1992,Arkansas,6,Memphis,22, 
09/26/1992,Arizona State,24,Nebraska,45,18.5
09/26/1992,Baylor,17,Texas Tech,36,2.5
09/26/1992,Brigham Young,32,Hawaii,36,0.0
09/26/1992,Cincinnati,0,Tennessee,40,22.0
09/26/1992,The Citadel,15,Army,14, 
09/26/1992,Clemson,16,Georgia Tech,20,-5.5
09/26/1992,Colorado State,17,Louisiana State,14,19.5
09/26/1992,East Carolina,34,Bowling Green,44,-2.0
09/26/1992,Houston,7,Michigan,61,18.5
09/26/1992,Iowa,12,Colorado,28,6.5
09/26/1992,Kent State,17,Eastern Michigan,14,10.0
09/26/1992,Louisiana Tech,0,Alabama,13,19.0
09/26/1992,Michigan State,0,Boston College,14,13.5
09/26/1992,Maryland,13,Penn State,49,17.0
09/26/1992,Miami-Ohio,9,Ball State,19,-1.0
09/26/1992,Minnesota,33,Pittsburgh,41,7.5
09/26/1992,Mississippi,11,Georgia,37,12.0
09/26/1992,Missouri,10,Indiana,20,10.0
09/26/1992,No Carolina State,27,North Carolina,20,2.0
09/26/1992,Nevada-Reno,17,Tulane,34, 
09/26/1992,Northern Illinois,17,Wisconsin,18,14.5
09/26/1992,New Mexico,32,Air Force,33,17.0
09/26/1992,Northern Iowa,27,Iowa State,10, 
09/26/1992,North Texas,15,Texas,33, 
09/26/1992,Oregon State,9,Utah,42,10.0
09/26/1992,Purdue,0,Notre Dame,48,23.5
09/26/1992,Rutgers,40,Navy,0,-17.5
09/26/1992,South Carolina,9,Kentucky,13,10.5
09/26/1992,San Diego State,7,U.C.L.A.,35,7.0
09/26/1992,Sam Houston State,14,Rice,45, 
09/26/1992,San Jose State,13,Stanford,37,16.5
09/26/1992,Southern Miss,8,Auburn,16,13.5
09/26/1992,Texas Christian,9,S-M-U,21,-6.0
09/26/1992,Temple,14,Kansas State,35,13.0
09/26/1992,Toledo,9,Central Michigan,28,4.0
09/26/1992,Tulsa,19,Oklahoma State,24,-3.5
09/26/1992,Nevada-Las Vegas,6,Oregon,59, 
09/26/1992,Virginia,55,Duke,28,-16.5
09/26/1992,Washington State,39,Fresno State,37,-2.5
09/26/1992,Wake Forest,7,Florida State,35,34.5
09/26/1992,Western Kentucky,14,UL-Lafayette,17, 
09/26/1992,Western Michigan,19,Ohio,3,-3.0
09/26/1992,West Virginia,16,Virginia Tech,7,0.0
09/26/1992,Wyoming,26,Louisville,24,9.0
10/01/1992,Florida,6,Mississippi State,30,-4.0
10/02/1992,Utah State,9,Brigham Young,30,22.0
10/03/1992,Air Force,28,UTEP,22,-5.0
10/03/1992,Akron,13,Ohio,0,-8.0
10/03/1992,Arizona State,20,Oregon,30,1.5
10/03/1992,Ball State,14,Western Michigan,21,4.0
10/03/1992,Boston College,24,West Virginia,24,0.0
10/03/1992,Bowling Green,17,Central Michigan,14,7.0
10/03/1992,Chattanooga,3,Clemson,54, 
10/03/1992,Florida State,16,Miami-Florida,19,2.0
10/03/1992,Georgia,27,Arkansas,3,-13.0
10/03/1992,Iowa State,3,Oklahoma,17,25.5
10/03/1992,Illinois,17,Minnesota,18,-6.5
10/03/1992,Indiana,31,Michigan State,42,-3.0
10/03/1992,Iowa,28,Michigan,52,20.5
10/03/1992,Kent State,0,Cincinnati,31,18.0
10/03/1992,Kentucky,14,Mississippi,24,6.0
10/03/1992,Louisiana Tech,14,Fresno State,48,5.5
10/03/1992,Marshall,21,Missouri,44, 
10/03/1992,Miami-Ohio,24,Eastern Michigan,7,-6.0
10/03/1992,Middle Tennessee,21,Northern Illinois,13, 
10/03/1992,Navy,14,North Carolina,28,31.0
10/03/1992,No Carolina State,13,Georgia Tech,16,1.5
10/03/1992,New Mexico State,0,Kansas State,19,21.5
10/03/1992,Northwestern,28,Purdue,14,14.0
10/03/1992,Ohio State,16,Wisconsin,20,-8.0
10/03/1992,Oklahoma State,11,Texas Christian,13,2.5
10/03/1992,Oregon State,0,California,42,22.5
10/03/1992,Penn State,38,Rutgers,24,-13.5
10/03/1992,Pittsburgh,34,Maryland,47,3.0
10/03/1992,Southern Cal,10,Washington,17,13.5
10/03/1992,South Carolina,7,Alabama,48,26.0
10/03/1992,San Diego State,49,New Mexico,21,-15.0
10/03/1992,San Jose State,26,Wyoming,24,0.0
10/03/1992,S-M-U,7,Baylor,49, 
10/03/1992,Stanford,33,Notre Dame,16,13.0
10/03/1992,UL-Lafayette,7,Houston,63,24.0
10/03/1992,Syracuse,15,Louisville,9,-13.0
10/03/1992,Temple,10,Washington State,51,23.0
10/03/1992,Tennessee,20,Louisiana State,0,-7.0
10/03/1992,Texas,23,Rice,21,-5.0
10/03/1992,Texas Tech,17,Texas A+M,19,15.5
10/03/1992,Tulsa,24,Southern Miss,33,0.0
10/03/1992,U.C.L.A.,3,Arizona,23,-6.0
10/03/1992,Utah,33,Colorado State,29,-4.5
10/03/1992,Vanderbilt,7,Auburn,31,7.0
10/03/1992,Virginia,31,Wake Forest,17,-23.5
10/08/1992,Colorado,6,Missouri,0,-14.0
10/10/1992,Akron,16,Kent State,20,-11.0
10/10/1992,Alabama,37,Tulane,0,-27.0
10/10/1992,Arkansas,25,Tennessee,24,22.5
10/10/1992,Auburn,7,Mississippi State,14,4.0
10/10/1992,Baylor,41,Texas Christian,20,-7.0
10/10/1992,California,16,Washington,35,13.0
10/10/1992,Cincinnati,14,Memphis,34,13.5
10/10/1992,Clemson,29,Virginia,28,7.0
10/10/1992,Central Michigan,13,Miami-Ohio,16,-2.0
10/10/1992,East Carolina,14,Duke,45,0.0
10/10/1992,Eastern Michigan,7,Ball State,31,11.5
10/10/1992,Fresno State,24,Brigham Young,36,6.0
10/10/1992,Georgia Southern,7,Georgia,34, 
10/10/1992,Georgia Tech,28,Maryland,26,-1.0
10/10/1992,Hawaii,17,Utah,38,4.0
10/10/1992,Illinois,18,Ohio State,16,10.5
10/10/1992,Indiana,28,Northwestern,3,-12.0
10/10/1992,Kansas State,7,Kansas,31,13.0
10/10/1992,Lafayette,36,Army,38, 
10/10/1992,Louisiana State,21,Florida,28,15.5
10/10/1992,Michigan State,10,Michigan,35,28.0
10/10/1992,Miami-Florida,17,Penn State,14,2.0
10/10/1992,Minnesota,20,Purdue,24,2.5
10/10/1992,Navy,16,Air Force,18,22.0
10/10/1992,North Carolina,13,Florida State,36,20.0
10/10/1992,Notre Dame,52,Pittsburgh,21,-18.5
10/10/1992,New Mexico,21,Wyoming,35,11.5
10/10/1992,Ohio,14,Bowling Green,31,18.0
10/10/1992,Oklahoma,24,Texas,34,-10.5
10/10/1992,Oklahoma State,0,Nebraska,55,33.0
10/10/1992,Oregon,10,Southern Cal,32,13.0
10/10/1992,Pacific,5,Arizona State,39,22.5
10/10/1992,Rutgers,28,Syracuse,50,12.0
10/10/1992,Southern Miss,10,Northern Illinois,23,-6.5
10/10/1992,S-M-U,13,Rice,28, 
10/10/1992,Stanford,19,U.C.L.A.,7,-3.0
10/10/1992,UL-Lafayette,7,Louisiana Tech,21,16.5
10/10/1992,Missouri State,14,Tulsa,17, 
10/10/1992,Texas Tech,13,No Carolina State,48,6.0
10/10/1992,UTEP,24,Colorado State,42,7.5
10/10/1992,Virginia Tech,17,Louisville,21,0.0
10/10/1992,Washington State,35,Oregon State,10,-17.5
10/10/1992,Wake Forest,40,Vanderbilt,6,10.5
10/10/1992,Wisconsin,22,Iowa,23,9.0
10/10/1992,Western Michigan,12,Toledo,21,1.0
10/15/1992,Southern Miss,17,Tulane,7,-7.0
10/17/1992,Akron,22,Ball State,14,5.5
10/17/1992,Arkansas State,7,Memphis,37,35.0
10/17/1992,Alabama,17,Tennessee,10,0.0
10/17/1992,Arizona,21,Stanford,6,12.5
10/17/1992,Army,10,Rutgers,45,15.0
10/17/1992,Auburn,9,Florida,24,7.0
10/17/1992,Boston College,35,Penn State,32,10.0
10/17/1992,Bowling Green,10,Toledo,9,1.0
10/17/1992,Brigham Young,31,Wyoming,28,-8.0
10/17/1992,California,24,Southern Cal,27,7.0
10/17/1992,Cincinnati,21,East Carolina,42,5.0
10/17/1992,Colorado State,32,Air Force,28,3.0
10/17/1992,Duke,6,Clemson,21,19.5
10/17/1992,Eastern Michigan,19,Western Michigan,20,16.0
10/17/1992,East Tennessee St,7,Louisiana Tech,65, 
10/17/1992,Fresno State,45,Hawaii,47,2.0
10/17/1992,Florida State,29,Georgia Tech,24,-12.5
10/17/1992,Fullerton State,14,UL-Lafayette,10, 
10/17/1992,Houston,23,Baylor,29,-2.0
10/17/1992,Iowa,24,Illinois,14,1.0
10/17/1992,Kansas,50,Iowa State,47,-14.5
10/17/1992,Kent State,0,Central Michigan,35,19.0
10/17/1992,Kansas State,16,Utah State,28,-11.5
10/17/1992,Kentucky,27,Louisiana State,25,7.0
10/17/1992,Michigan State,20,Minnesota,15,-1.0
10/17/1992,Miami-Ohio,23,Ohio,21,-10.0
10/17/1992,Michigan,31,Indiana,3,-18.0
10/17/1992,Mississippi,17,Arkansas,3,-1.5
10/17/1992,Missouri,26,Oklahoma State,28,-7.0
10/17/1992,Mississippi State,6,South Carolina,21,-13.5
10/17/1992,No Carolina State,13,Virginia Tech,13,-7.0
10/17/1992,Northwestern,7,Ohio State,31,24.0
10/17/1992,Oklahoma,24,Colorado,24,6.5
10/17/1992,Oregon State,13,Arizona State,40,20.5
10/17/1992,Pittsburgh,27,Temple,20,-10.5
10/17/1992,Purdue,16,Wisconsin,19,9.0
10/17/1992,Rice,9,Texas A+M,35,20.0
10/17/1992,Syracuse,20,West Virginia,17,-3.0
10/17/1992,Texas Christian,10,Miami-Florida,45,39.0
10/17/1992,Tulsa,27,Louisville,32,6.5
10/17/1992,U.C.L.A.,17,Washington State,30,6.0
10/17/1992,Utah,7,New Mexico,24,-14.0
10/17/1992,UTEP,27,San Diego State,49, 
10/17/1992,Vanderbilt,20,Georgia,30,23.0
10/17/1992,Virginia,7,North Carolina,27,-6.0
10/17/1992,Washington,24,Oregon,3,-16.5
10/17/1992,Wake Forest,30,Maryland,23,6.5
10/24/1992,Air Force,20,San Diego State,17,13.5
10/24/1992,Arkansas State,6,Mississippi State,56,36.0
10/24/1992,Arizona,24,California,17,4.5
10/24/1992,Army,7,Wake Forest,23,14.5
10/24/1992,Arizona State,20,U.C.L.A.,0,2.5
10/24/1992,Baylor,13,Texas A+M,19,13.0
10/24/1992,Boston College,17,Tulane,13,-22.5
10/24/1992,Bowling Green,24,Akron,3,-5.5
10/24/1992,Brigham Young,16,Notre Dame,42,21.0
10/24/1992,Cincinnati,17,Southern Miss,31,8.0
10/24/1992,Clemson,6,No Carolina State,20,2.5
10/24/1992,Central Michigan,23,Ball State,24,-2.5
10/24/1992,Delaware,37,Navy,21, 
10/24/1992,East Carolina,37,Pittsburgh,31,5.5
10/24/1992,Georgia,40,Kentucky,7,-12.5
10/24/1992,Georgia Tech,14,North Carolina,26,3.5
10/24/1992,Houston,38,Texas,45,7.0
10/24/1992,Iowa State,21,Oklahoma State,27,-3.5
10/24/1992,Kansas State,7,Colorado,54,22.0
10/24/1992,Liberty,21,Northern Illinois,27, 
10/24/1992,Louisville,17,Florida,31,14.0
10/24/1992,Maryland,27,Duke,25,1.5
10/24/1992,Memphis,30,Tulsa,25,-5.5
10/24/1992,Miami-Florida,43,Virginia Tech,23,-21.0
10/24/1992,Minnesota,13,Michigan,63,31.0
10/24/1992,Mississippi,10,Alabama,31,16.5
10/24/1992,Nebraska,34,Missouri,24,-24.0
10/24/1992,New Mexico,28,Fresno State,31,15.0
10/24/1992,Northwestern,27,Illinois,26,15.0
10/24/1992,Ohio,6,Eastern Michigan,7,4.0
10/24/1992,Ohio State,27,Michigan State,17,-3.0
10/24/1992,Oklahoma,10,Kansas,27,0.0
10/24/1992,Pacific,7,Washington,31,43.0
10/24/1992,Penn State,40,West Virginia,26,-8.0
10/24/1992,Purdue,27,Iowa,16,12.5
10/24/1992,Rice,29,Texas Christian,12,-5.0
10/24/1992,South Carolina,21,Vanderbilt,17,7.0
10/24/1992,S-M-U,25,Texas Tech,39,20.0
10/24/1992,Stanford,27,Oregon State,21,-21.0
10/24/1992,UL-Lafayette,24,Auburn,25, 
10/24/1992,Syracuse,38,Temple,7,-26.5
10/24/1992,Toledo,20,Miami-Ohio,17,4.5
10/24/1992,Nevada-Las Vegas,25,Hawaii,55, 
10/24/1992,UTEP,20,Utah,13,14.0
10/24/1992,Washington State,21,Southern Cal,31,8.0
10/24/1992,Wisconsin,3,Indiana,10,5.0
10/24/1992,Western Michigan,26,Kent State,13,-10.0
10/24/1992,William + Mary,7,Virginia,33, 
10/24/1992,Wyoming,31,Colorado State,14,3.0
10/29/1992,Southern Miss,38,East Carolina,21,2.5
10/31/1992,Arkansas State,0,Louisiana Tech,23,32.0
10/31/1992,Arkansas,24,Auburn,24,9.0
10/31/1992,Ball State,24,Ohio,21,-8.5
10/31/1992,Clemson,15,Wake Forest,18,-8.0
10/31/1992,Central Michigan,28,Akron,31,-5.5
10/31/1992,Colorado,7,Nebraska,52,6.5
10/31/1992,Duke,17,Georgia Tech,20,10.0
10/31/1992,Eastern Michigan,17,Army,57,7.5
10/31/1992,Florida,26,Georgia,24,6.0
10/31/1992,Florida State,13,Virginia,3,-8.0
10/31/1992,Hawaii,41,UTEP,21,-6.5
10/31/1992,Illinois,13,Wisconsin,12,5.5
10/31/1992,Indiana,24,Minnesota,17,-4.5
10/31/1992,Kent State,17,Toledo,32,19.5
10/31/1992,Kansas State,14,Oklahoma,16,21.5
10/31/1992,Louisville,27,Cincinnati,17,-6.5
10/31/1992,Louisiana State,0,Mississippi,32,4.5
10/31/1992,Michigan State,27,Northwestern,26,-7.0
10/31/1992,Memphis,62,Tulane,20,-10.5
10/31/1992,Miami-Ohio,24,Bowling Green,44,7.5
10/31/1992,Michigan,24,Purdue,17,-28.0
10/31/1992,Missouri,28,Iowa State,14,-2.5
10/31/1992,Mississippi State,37,Kentucky,36,-7.0
10/31/1992,Navy,7,Notre Dame,38,39.0
10/31/1992,North Carolina,31,Maryland,24,-5.0
10/31/1992,Northern Illinois,7,Western Michigan,13,2.0
10/31/1992,New Mexico State,0,Arizona,30,28.0
10/31/1992,Ohio State,38,Iowa,15,-3.0
10/31/1992,Oklahoma State,18,Kansas,26,21.0
10/31/1992,Oregon,34,Washington State,17,7.0
10/31/1992,Penn State,17,Brigham Young,30,-8.0
10/31/1992,Pittsburgh,10,Syracuse,41,19.0
10/31/1992,Southern Cal,23,Arizona State,13,-5.0
10/31/1992,San Diego State,20,Colorado State,13,-6.5
10/31/1992,Stanford,7,Washington,41,12.0
10/31/1992,UL-Lafayette,9,Tulsa,27,14.5
10/31/1992,Texas Christian,46,Houston,49,25.0
10/31/1992,Temple,6,Boston College,45,28.0
10/31/1992,Tennessee,23,South Carolina,24,-13.5
10/31/1992,Texas,44,Texas Tech,33,-2.0
10/31/1992,Texas A+M,41,S-M-U,7,-27.0
10/31/1992,U.C.L.A.,12,California,48,13.5
10/31/1992,Utah,20,Air Force,13,3.0
10/31/1992,Virginia Tech,49,Rutgers,50,6.5
10/31/1992,West Virginia,23,Miami-Florida,35,22.0
10/31/1992,Wyoming,31,Fresno State,42,7.0
11/05/1992,Iowa State,13,Kansas State,22,0.0
11/07/1992,Air Force,7,Army,3,-6.5
11/07/1992,Alabama,31,Louisiana State,11,-17.0
11/07/1992,Arkansas,3,Mississippi State,10,10.5
11/07/1992,Arizona State,18,Washington State,20,2.5
11/07/1992,Boston College,7,Notre Dame,54,9.5
11/07/1992,Bowling Green,28,Kent State,22,-18.0
11/07/1992,California,17,Oregon,37,-4.0
11/07/1992,Colorado State,13,Hawaii,24,10.5
11/07/1992,East Carolina,28,West Virginia,41,13.5
11/07/1992,Eastern Michigan,13,Central Michigan,30,18.5
11/07/1992,Georgia Tech,27,Baylor,31,6.5
11/07/1992,Houston,16,S-M-U,41,-17.0
11/07/1992,Iowa,14,Indiana,0,6.0
11/07/1992,Kansas,7,Nebraska,49,14.0
11/07/1992,Louisville,18,Texas A+M,40,15.5
11/07/1992,Louisiana Tech,13,South Carolina,14,4.0
11/07/1992,Maryland,21,Florida State,69,26.5
11/07/1992,Memphis,12,Mississippi,17,2.0
11/07/1992,Michigan,40,Northwestern,7,-33.5
11/07/1992,Minnesota,0,Ohio State,17,22.5
11/07/1992,Missouri,17,Oklahoma,51,12.5
11/07/1992,North Carolina,7,Clemson,40,3.0
11/07/1992,No Carolina State,31,Virginia,7,3.0
11/07/1992,Northern Illinois,23,UL-Lafayette,15,-2.5
11/07/1992,New Mexico,0,Brigham Young,35,17.5
11/07/1992,Oklahoma State,0,Colorado,28,20.5
11/07/1992,Oregon State,14,U.C.L.A.,26,12.0
11/07/1992,Purdue,17,Illinois,20,2.5
11/07/1992,Rutgers,24,Cincinnati,26,-7.0
11/07/1992,Southern Cal,9,Stanford,23,-3.0
11/07/1992,San Diego State,6,Wyoming,17,-3.0
11/07/1992,Southern Miss,20,Florida,24,13.0
11/07/1992,Temple,15,Akron,29,7.0
11/07/1992,Texas,14,Texas Christian,23,-15.5
11/07/1992,Toledo,10,Ball State,9,2.0
11/07/1992,Texas Tech,3,Rice,34,2.0
11/07/1992,Tulane,17,Navy,20,1.5
11/07/1992,Utah,15,Fresno State,41,4.5
11/07/1992,UTEP,39,Tulsa,49,10.0
11/07/1992,Vanderbilt,20,Kentucky,7,4.0
11/07/1992,Virginia Tech,9,Syracuse,28,18.5
11/07/1992,Washington,3,Arizona,16,-7.0
11/07/1992,Wake Forest,28,Duke,14,2.5
11/07/1992,Wisconsin,10,Michigan State,26,1.5
11/07/1992,Western Michigan,7,Miami-Ohio,20,4.0
11/07/1992,Youngstown State,28,Ohio,20, 
11/12/1992,Texas A+M,38,Houston,30,-11.5
11/14/1992,Alabama,30,Mississippi State,21,-10.0
11/14/1992,Arizona,7,Southern Cal,14,2.0
11/14/1992,Ball State,6,Bowling Green,38,9.0
11/14/1992,Baylor,31,Rice,34,-1.5
11/14/1992,Brigham Young,28,Air Force,7,-10.0
11/14/1992,California,12,Arizona State,28,2.0
11/14/1992,Clemson,23,Maryland,53,-13.0
11/14/1992,Central Michigan,14,Western Michigan,19,-2.0
11/14/1992,Colorado,25,Kansas,18,-2.5
11/14/1992,Duke,27,No Carolina State,45,16.0
11/14/1992,East Carolina,35,Arkansas State,18,-26.0
11/14/1992,Eastern Michigan,0,Toledo,41,16.0
11/14/1992,Georgia,14,Auburn,10,-9.5
11/14/1992,Hawaii,28,San Diego State,52,3.5
11/14/1992,Illinois,22,Michigan,22,29.0
11/14/1992,Kent State,14,Miami-Ohio,31,15.0
11/14/1992,Kansas State,14,Missouri,27,4.0
11/14/1992,Kentucky,13,Cincinnati,17,-2.0
11/14/1992,Louisville,31,Pittsburgh,16,-3.5
11/14/1992,Louisiana Tech,6,Mississippi,13,6.5
11/14/1992,Minnesota,6,Wisconsin,34,7.5
11/14/1992,Nebraska,10,Iowa State,19,-30.0
11/14/1992,Northern Illinois,14,Army,21,-2.5
11/14/1992,Northwestern,14,Iowa,56,14.0
11/14/1992,Ohio,24,Colorado State,35,18.0
11/14/1992,Ohio State,27,Indiana,10,-7.0
11/14/1992,Oklahoma,15,Oklahoma State,15,-15.0
11/14/1992,Oregon State,16,Washington,45,34.5
11/14/1992,Penn State,16,Notre Dame,17,10.0
11/14/1992,Purdue,13,Michigan State,35,3.5
11/14/1992,South Carolina,9,Florida,14,17.0
11/14/1992,Southern Miss,13,Virginia Tech,12,-1.0
11/14/1992,S-M-U,14,Texas,35,19.0
11/14/1992,Syracuse,27,Boston College,10,-3.5
11/14/1992,Temple,0,Miami-Florida,48,42.0
11/14/1992,Tennessee,26,Memphis,21,-3.5
11/14/1992,Texas Tech,31,Texas Christian,28,-6.0
11/14/1992,Tulane,7,Florida State,70,42.5
11/14/1992,U.C.L.A.,9,Oregon,6,10.5
11/14/1992,UTEP,14,New Mexico,35,4.0
11/14/1992,Vanderbilt,27,Navy,7,-13.0
11/14/1992,Washington State,3,Stanford,40,8.0
11/14/1992,Wake Forest,23,Georgia Tech,10,5.5
11/14/1992,West Virginia,9,Rutgers,13,-4.5
11/14/1992,Wyoming,7,Utah,38,3.5
11/14/1992,Youngstown State,10,Akron,10, 
11/21/1992,Akron,24,Cincinnati,22,7.0
11/21/1992,Arkansas State,20,UL-Lafayette,7,13.5
11/21/1992,Arizona State,7,Arizona,6,6.5
11/21/1992,Boston College,41,Army,24,-16.5
11/21/1992,Brigham Young,31,Utah,22,-6.0
11/21/1992,Colorado State,14,New Mexico,10,0.0
11/21/1992,East Carolina,7,Memphis,42,13.0
11/21/1992,Florida,41,Vanderbilt,21,-6.0
11/21/1992,Fresno State,45,San Diego State,41,6.0
11/21/1992,Houston,35,Texas Tech,44,1.0
11/21/1992,Iowa State,10,Colorado,31,17.0
11/21/1992,Indiana,10,Purdue,13,3.0
11/21/1992,Iowa,13,Minnesota,28,-10.0
11/21/1992,Kansas,17,Missouri,22,-8.0
11/21/1992,Kentucky,13,Tennessee,34,18.5
11/21/1992,Louisiana Tech,3,West Virginia,23,7.5
11/21/1992,Michigan State,10,Illinois,14,1.0
11/21/1992,Miami-Florida,16,Syracuse,10,-6.0
11/21/1992,Michigan,13,Ohio State,13,-7.5
11/21/1992,Navy,22,Rice,27,24.0
11/21/1992,North Carolina,31,Duke,28,-9.0
11/21/1992,Oklahoma State,0,Kansas State,10,3.5
11/21/1992,Oregon,7,Oregon State,0,-13.0
11/21/1992,Pittsburgh,13,Penn State,57,22.5
11/21/1992,Rutgers,35,Temple,10,-17.0
11/21/1992,Southern Cal,37,U.C.L.A.,38,-7.0
11/21/1992,South Carolina,24,Clemson,13,12.5
11/21/1992,S-M-U,24,Arkansas,19,12.0
11/21/1992,Stanford,41,California,21,-2.5
11/21/1992,Texas Christian,10,Texas A+M,37,25.5
11/21/1992,Texas,20,Baylor,21,2.5
11/21/1992,Toledo,25,Northern Illinois,8,1.0
11/21/1992,Tulane,12,Louisiana State,24,14.5
11/21/1992,Virginia,41,Virginia Tech,38,-7.0
11/21/1992,Washington,23,Washington State,42,-14.0
11/21/1992,Wake Forest,14,No Carolina State,42,9.5
11/21/1992,Wisconsin,25,Northwestern,27,-9.5
11/21/1992,Wyoming,18,Hawaii,42,7.5
11/26/1992,Auburn,0,Alabama,17,13.5
11/26/1992,Texas A+M,34,Texas,13,-6.0
11/27/1992,Louisiana State,6,Arkansas,30,3.5
11/27/1992,Nebraska,33,Oklahoma,9,-9.5
11/28/1992,Florida,24,Florida State,45,17.0
11/28/1992,Fresno State,43,UTEP,18,-12.5
11/28/1992,Georgia Tech,17,Georgia,31,11.5
11/28/1992,Miami-Florida,63,San Diego State,17,-18.0
11/28/1992,Mississippi State,17,Mississippi,10,2.5
11/28/1992,Notre Dame,31,Southern Cal,23,-6.0
11/28/1992,Rice,34,Houston,61,2.5
11/28/1992,Tennessee,29,Vanderbilt,25,-8.5
11/28/1992,Tulsa,9,Hawaii,38,9.5
12/05/1992,Alabama,28,Florida,21,-10.0
12/05/1992,Army,25,Navy,24,-3.5
12/05/1992,Kansas State,24,Nebraska,38,28.5
12/05/1992,Pittsburgh,23,Hawaii,36,16.5
