Date,Visitor,Visitor Score,Home Team,Home Score,Line
09/05/1981,Alabama,24,Louisiana State,7,-7.0
09/05/1981,Brigham Young,31,Long Beach State,8, 
09/05/1981,Central Michigan,3,Pacific,10, 
09/05/1981,Drake,39,Northern Iowa,30, 
09/05/1981,Florida,20,Miami-Florida,21,2.0
09/05/1981,Fullerton State,13,Wyoming,38, 
09/05/1981,Illinois,6,Pittsburgh,26,17.0
09/05/1981,Indiana State,8,UL-Monroe,38, 
09/05/1981,Kansas,15,Tulsa,11,-4.0
09/05/1981,Lamar,18,Baylor,17, 
09/05/1981,Lenoir-Rhyne,9,Appalachian State,48, 
09/05/1981,Louisville,0,Florida State,17,22.0
09/05/1981,Louisiana Tech,10,West Texas A+M,17, 
09/05/1981,Memphis,3,Mississippi State,20,23.0
09/05/1981,Mississippi,19,Tulane,18,-1.0
09/05/1981,Missouri Southern,6,Wichita State,38, 
09/05/1981,New Mexico,10,Houston,21,31.0
09/05/1981,New Mexico State,14,UTEP,7, 
09/05/1981,North Texas,6,Kentucky,28, 
09/05/1981,Oregon,16,Fresno State,23, 
09/05/1981,Richmond,21,No Carolina State,27, 
09/05/1981,Rutgers,29,Syracuse,27,6.0
09/05/1981,South Carolina,23,Wake Forest,6,-3.0
09/05/1981,Southern Illinois,12,McNeese State,27, 
09/05/1981,UL-Lafayette,7,Southern Miss,33, 
09/05/1981,Texas-Arlington,0,S-M-U,48, 
09/05/1981,Texas Christian,16,Auburn,24,8.0
09/05/1981,Tennessee,0,Georgia,44,6.0
09/05/1981,Tennessee Tech,22,East Tennessee St,31, 
09/05/1981,Texas A+M,29,California,28,-4.0
09/05/1981,Nevada-Las Vegas,16,San Jose State,6, 
09/05/1981,Utah State,0,Utah,10, 
09/05/1981,Western Carolina,6,East Carolina,42, 
09/05/1981,Western Illinois,7,Illinois State,31, 
09/05/1981,William + Mary,0,Temple,42, 
09/05/1981,Wofford,10,Clemson,45, 
09/05/1981,Youngstown State,19,Cincinnati,13, 
09/12/1981,Air Force,21,Brigham Young,45,26.0
09/12/1981,Akron,14,Eastern Michigan,7, 
09/12/1981,Arkansas State,35,UL-Monroe,13, 
09/12/1981,Army,10,Missouri,24,21.0
09/12/1981,Boston University,6,Holy Cross,14, 
09/12/1981,Bowling Green,0,Baylor,38, 
09/12/1981,California,13,Georgia,27,17.0
09/12/1981,Cincinnati,0,Penn State,52,31.0
09/12/1981,The Citadel,7,Navy,17, 
09/12/1981,Clemson,13,Tulane,5,-6.0
09/12/1981,Colgate,5,Rutgers,13,13.5
09/12/1981,Duke,13,Ohio State,34,20.0
09/12/1981,East Carolina,0,North Carolina,56, 
09/12/1981,East Tennessee St,3,Louisiana Tech,31, 
09/12/1981,Fresno State,28,Oregon State,31, 
09/12/1981,Fullerton State,9,Utah State,14, 
09/12/1981,Furman,7,Florida,35, 
09/12/1981,Georgia Tech,24,Alabama,21,24.0
09/12/1981,Illinois,27,Michigan State,17,3.0
09/12/1981,Indiana,21,Northwestern,20,-14.0
09/12/1981,Indiana State,14,Drake,17, 
09/12/1981,James Madison,0,Appalachian State,45, 
09/12/1981,Long Beach State,17,Northern Illinois,7, 
09/12/1981,Louisiana State,9,Notre Dame,27,14.0
09/12/1981,McNeese State,21,Ball State,24, 
09/12/1981,Maryland,17,Vanderbilt,23,-13.0
09/12/1981,Memphis,5,Florida State,10,20.0
09/12/1981,Miami-Ohio,33,William + Mary,14, 
09/12/1981,Michigan,14,Wisconsin,21,-19.0
09/12/1981,Mississippi,20,South Carolina,13,6.0
09/12/1981,Montana State,21,Washington State,33, 
09/12/1981,Morehead State,17,Marshall,20, 
09/12/1981,Middle Tennessee,19,Chattanooga,42, 
09/12/1981,No Carolina State,28,Wake Forest,23,-5.0
09/12/1981,Nebraska,7,Iowa,10,-16.0
09/12/1981,New Mexico,42,Nevada-Las Vegas,49, 
09/12/1981,New Mexico State,13,Texas-Arlington,26, 
09/12/1981,North Texas,7,S-M-U,34,14.5
09/12/1981,Ohio,17,Minnesota,19, 
09/12/1981,Oregon,10,Kansas,19,-1.0
09/12/1981,Pacific,14,Washington,34, 
09/12/1981,Rice,3,Texas,31,21.0
09/12/1981,Richmond,12,Virginia Tech,28, 
09/12/1981,Santa Clara,7,San Jose State,41, 
09/12/1981,South Dakota,10,Kansas State,31, 
09/12/1981,San Diego State,30,Colorado State,14, 
09/12/1981,S E Louisiana,7,UL-Lafayette,0, 
09/12/1981,Stanford,19,Purdue,27,0.0
09/12/1981,Syracuse,19,Temple,31,-2.0
09/12/1981,Tennessee,7,Southern Cal,43,18.0
09/12/1981,Toledo,6,Louisville,31, 
09/12/1981,Texas Tech,27,Colorado,45,-8.0
09/12/1981,Tulsa,10,Arkansas,14,14.0
09/12/1981,Texas A+M-Kingsville,37,UTEP,15, 
09/12/1981,U.C.L.A.,35,Arizona,18,-9.0
09/12/1981,Utah,10,Arizona State,52,16.0
09/12/1981,Western Carolina,14,Virginia Military,21, 
09/12/1981,Wichita State,13,Southern Illinois,7, 
09/12/1981,Western Michigan,20,Kent State,17, 
09/12/1981,West Texas A+M,13,Iowa State,17, 
09/12/1981,West Virginia,32,Virginia,18,4.0
09/12/1981,Wyoming,20,Oklahoma,37,31.0
09/18/1981,Virginia,0,Rutgers,3,4.0
09/19/1981,Akron,6,Kent State,17, 
09/19/1981,Alabama,19,Kentucky,10,-13.0
09/19/1981,Ball State,0,Toledo,40, 
09/19/1981,Baylor,28,Louisiana Tech,21, 
09/19/1981,Bowling Green,21,Ohio,23, 
09/19/1981,Brown,7,Yale,28,10.0
09/19/1981,Brigham Young,65,UTEP,8, 
09/19/1981,California,14,Arizona,13,5.0
09/19/1981,Chattanooga,14,Appalachian State,31, 
09/19/1981,Cincinnati,7,Pittsburgh,38,30.0
09/19/1981,Cornell,22,Pennsylvania,29,-5.0
09/19/1981,Colorado State,0,Tennessee,42,14.0
09/19/1981,Duke,3,South Carolina,17,10.0
09/19/1981,East Carolina,10,No Carolina State,31, 
09/19/1981,Eastern Kentucky,0,Navy,24, 
09/19/1981,Eastern Michigan,7,Illinois State,28, 
09/19/1981,East Tennessee St,0,Furman,21, 
09/19/1981,Fresno State,26,Montana State,30, 
09/19/1981,Florida State,14,Nebraska,34,10.0
09/19/1981,Fullerton State,12,Hawaii,38, 
09/19/1981,Georgia,3,Clemson,13,-4.0
09/19/1981,Grambling,27,S-M-U,59, 
09/19/1981,Georgia Tech,6,Florida,27,11.0
09/19/1981,Harvard,23,Columbia,6,-11.0
09/19/1981,Holy Cross,10,Massachusetts,13, 
09/19/1981,Houston,7,Miami-Florida,12,5.0
09/19/1981,Indiana State,41,New Mexico State,6, 
09/19/1981,Iowa,12,Iowa State,23,3.0
09/19/1981,Kansas State,3,Washington,20,17.0
09/19/1981,Lamar,50,Sam Houston State,7, 
09/19/1981,Long Beach State,13,Louisville,35, 
09/19/1981,Lehigh,14,Colgate,27, 
09/19/1981,Marshall,3,Western Michigan,14, 
09/19/1981,McNeese State,59,Nicholls State,9, 
09/19/1981,Michigan State,13,Ohio State,27,20.0
09/19/1981,Miami-Ohio,7,North Carolina,49, 
09/19/1981,Mississippi,7,Memphis,3,-11.0
09/19/1981,Notre Dame,7,Michigan,25,2.0
09/19/1981,Northern Illinois,10,Central Michigan,17, 
09/19/1981,New Mexico,21,Texas Tech,28,13.0
09/19/1981,North Texas,10,Texas,23,25.0
09/19/1981,Northwestern,7,Arkansas,38,24.0
09/19/1981,Oregon State,24,Louisiana State,27,20.0
09/19/1981,Pacific,0,Oregon,34, 
09/19/1981,Portland State,0,Utah,46, 
09/19/1981,Princeton,13,Dartmouth,32,5.0
09/19/1981,Purdue,13,Minnesota,16,-5.0
09/19/1981,Rice,10,Missouri,42,15.0
09/19/1981,Richmond,24,Arkansas State,20, 
09/19/1981,Southern Cal,21,Indiana,0,-17.0
09/19/1981,San Jose State,28,Stanford,6,20.0
09/19/1981,UL-Lafayette,17,UL-Monroe,20, 
09/19/1981,Syracuse,14,Illinois,17,5.0
09/19/1981,Texas-Arlington,16,Texas Christian,38, 
09/19/1981,Temple,7,Delaware,13, 
09/19/1981,Tennessee State,17,Southern Illinois,14, 
09/19/1981,Tulane,3,Southern Miss,21, 
09/19/1981,Tulsa,21,Oklahoma State,23,6.0
09/19/1981,Texas A+M,12,Boston College,13,-3.0
09/19/1981,U.C.L.A.,31,Wisconsin,13,-9.0
09/19/1981,Vanderbilt,9,Mississippi State,29,21.0
09/19/1981,Virginia Military,14,Army,7,13.0
09/19/1981,Washington State,14,Colorado,10,4.0
09/19/1981,Western Carolina,3,The Citadel,12, 
09/19/1981,Weber State,18,Utah State,31, 
09/19/1981,Wake Forest,24,Auburn,21,10.0
09/19/1981,Wichita State,21,Arizona State,33, 
09/19/1981,Western Illinois,6,Drake,21, 
09/19/1981,William + Mary,3,Virginia Tech,47, 
09/19/1981,West Texas A+M,21,Nevada-Las Vegas,17, 
09/19/1981,West Virginia,17,Maryland,13,5.0
09/19/1981,Wyoming,17,Air Force,10, 
09/26/1981,Air Force,10,New Mexico,27, 
09/26/1981,Arkansas State,26,Central Michigan,23, 
09/26/1981,Alabama,28,Vanderbilt,7,-24.0
09/26/1981,Appalachian State,20,The Citadel,34, 
09/26/1981,Arkansas,27,Mississippi,13,-3.0
09/26/1981,Auburn,7,Tennessee,10,3.0
09/26/1981,Arizona State,21,Washington State,24,-7.0
09/26/1981,Ball State,27,Ohio,30, 
09/26/1981,Boston College,14,North Carolina,56,16.0
09/26/1981,Bowling Green,7,Michigan State,10,6.0
09/26/1981,Brown,17,Army,23,10.0
09/26/1981,Brigham Young,41,Colorado,20,-10.0
09/26/1981,Colgate,34,Cornell,10,-7.0
09/26/1981,Connecticut,18,Yale,27, 
09/26/1981,Colorado State,3,West Virginia,49, 
09/26/1981,Dartmouth,8,Massachusetts,10, 
09/26/1981,Delaware,61,Princeton,8, 
09/26/1981,Drake,18,Kansas State,17, 
09/26/1981,Duke,29,Virginia,24,-1.0
09/26/1981,East Tennessee St,14,Marshall,0, 
09/26/1981,Florida,7,Mississippi State,28,2.0
09/26/1981,Fullerton State,16,Arizona,37, 
09/26/1981,Furman,31,Western Carolina,27, 
09/26/1981,Holy Cross,33,Harvard,19,1.0
09/26/1981,Idaho,6,Hawaii,21, 
09/26/1981,Illinois State,7,Northern Illinois,40, 
09/26/1981,Indiana,7,Syracuse,21,4.0
09/26/1981,Jacksonville St,3,Chattanooga,10, 
09/26/1981,Kent State,19,Iowa State,28, 
09/26/1981,Kentucky,16,Kansas,21,4.0
09/26/1981,Lafayette,28,Columbia,13, 
09/26/1981,Long Beach State,31,Nevada-Las Vegas,32, 
09/26/1981,Louisville,3,Missouri,34, 
09/26/1981,Louisiana Tech,7,Texas A+M,43, 
09/26/1981,Maryland,34,No Carolina State,9,5.0
09/26/1981,Memphis,28,Georgia Tech,15,9.0
09/26/1981,Miami-Florida,7,Texas,14,7.5
09/26/1981,Miami-Ohio,18,Eastern Michigan,12, 
09/26/1981,Navy,16,Michigan,21,20.0
09/26/1981,Notre Dame,14,Purdue,15,-7.0
09/26/1981,North Texas,11,UL-Lafayette,34, 
09/26/1981,Ohio State,24,Stanford,19,-4.0
09/26/1981,Oklahoma,24,Southern Cal,28,5.0
09/26/1981,Oregon State,12,Minnesota,42,10.0
09/26/1981,Penn State,30,Nebraska,24,4.0
09/26/1981,Pennsylvania,0,Lehigh,58, 
09/26/1981,Rice,14,Louisiana State,28,15.0
09/26/1981,Rutgers,0,Cincinnati,10, 
09/26/1981,South Carolina,0,Georgia,24,9.0
09/26/1981,San Diego State,23,Oklahoma State,16,7.0
09/26/1981,Southern Illinois,36,Tulsa,34, 
09/26/1981,San Jose State,27,California,24, 
09/26/1981,Southern Miss,17,Richmond,10, 
09/26/1981,S-M-U,20,Texas Christian,9,-10.0
09/26/1981,Texas State,24,Lamar,7, 
09/26/1981,Texas-Arlington,31,West Texas A+M,35, 
09/26/1981,Toledo,24,East Carolina,28, 
09/26/1981,Texas Tech,15,Baylor,28,10.0
09/26/1981,U.C.L.A.,7,Iowa,20,-10.0
09/26/1981,Utah,42,Northwestern,0,-4.5
09/26/1981,Utah State,7,Houston,35, 
09/26/1981,Washington,17,Oregon,3,2.0
09/26/1981,Wake Forest,14,Virginia Tech,30,8.0
09/26/1981,Wichita State,14,Indiana State,14, 
09/26/1981,Western Michigan,10,Wisconsin,21,17.0
10/02/1981,UTEP,10,Utah,38, 
10/02/1981,Utah State,26,Brigham Young,32, 
10/03/1981,Arkansas State,16,Kansas,17, 
10/03/1981,Appalachian State,14,Wake Forest,15, 
10/03/1981,Arkansas,24,Texas Christian,28,-10.0
10/03/1981,Army,27,Harvard,13,-4.0
10/03/1981,Auburn,3,Nebraska,17,19.0
10/03/1981,Stephen F Austin,13,Lamar,10, 
10/03/1981,Arizona State,26,Washington,7,2.0
10/03/1981,Baylor,3,Houston,24,2.0
10/03/1981,Boston University,14,Colgate,21, 
10/03/1981,Chattanooga,31,Furman,28, 
10/03/1981,The Citadel,13,East Tennessee St,17, 
10/03/1981,Clemson,21,Kentucky,3,-6.5
10/03/1981,Colorado,7,U.C.L.A.,27,22.0
10/03/1981,Cornell,17,Rutgers,31,23.0
10/03/1981,Colorado State,14,Air Force,28, 
10/03/1981,Cal-San Luis Obispo,10,Fullerton State,34, 
10/03/1981,East Carolina,14,Duke,24, 
10/03/1981,Eastern Michigan,14,Central Michigan,63, 
10/03/1981,Florida,24,Louisiana State,10,-2.0
10/03/1981,Florida State,36,Ohio State,27,7.0
10/03/1981,Holy Cross,28,Dartmouth,0,-1.0
10/03/1981,Iowa State,7,Oklahoma,7,17.0
10/03/1981,Illinois State,3,Southern Illinois,14, 
10/03/1981,Iowa,64,Northwestern,0,-20.0
10/03/1981,James Madison,7,Richmond,24, 
10/03/1981,Kent State,13,Miami-Ohio,20, 
10/03/1981,Kansas State,21,Tulsa,35,8.0
10/03/1981,Long Beach State,7,Drake,18, 
10/03/1981,Marshall,0,Louisville,36, 
10/03/1981,Michigan State,7,Notre Dame,20,19.0
10/03/1981,Memphis,13,Virginia Tech,17,7.0
10/03/1981,Michigan,38,Indiana,17,-18.0
10/03/1981,Minnesota,29,Illinois,38,1.0
10/03/1981,Mississippi,7,Alabama,38,15.0
10/03/1981,Missouri,14,Mississippi State,3,7.0
10/03/1981,Middle Tennessee,23,Western Carolina,10, 
10/03/1981,Navy,19,Yale,23,-10.0
10/03/1981,North Carolina,28,Georgia Tech,7,-14.0
10/03/1981,UL-Monroe,35,Louisiana Tech,0, 
10/03/1981,Northern Illinois,0,Ball State,23, 
10/03/1981,Ohio,14,Toledo,21, 
10/03/1981,Oklahoma State,9,North Texas,0,-3.0
10/03/1981,Pacific,0,Washington State,31, 
10/03/1981,Pennsylvania,9,Columbia,20,-2.5
10/03/1981,Pittsburgh,42,South Carolina,28,-8.0
10/03/1981,Princeton,20,Brown,17,9.0
10/03/1981,Purdue,14,Wisconsin,20,-1.0
10/03/1981,Southern Cal,56,Oregon State,22,-24.0
10/03/1981,San Diego State,17,New Mexico,15, 
10/03/1981,San Jose State,65,Fresno State,33, 
10/03/1981,Stanford,13,Arizona,17,0.0
10/03/1981,Syracuse,17,Maryland,17,7.0
10/03/1981,Texas-Arlington,9,Southern Miss,52, 
10/03/1981,Temple,0,Penn State,30,21.0
10/03/1981,Tulane,16,Rice,20,-3.0
10/03/1981,Texas A+M,24,Texas Tech,23,-3.0
10/03/1981,Nevada-Las Vegas,21,Wyoming,45, 
10/03/1981,Vanderbilt,16,Miami-Florida,48,18.0
10/03/1981,Virginia,24,No Carolina State,30,9.0
10/03/1981,Wichita State,24,New Mexico State,20, 
10/03/1981,Western Michigan,21,Bowling Green,7, 
10/03/1981,William + Mary,14,Virginia Military,31, 
10/03/1981,West Texas A+M,31,McNeese State,24, 
10/03/1981,West Virginia,38,Boston College,10,-3.0
10/10/1981,Air Force,13,Navy,30,16.0
10/10/1981,Appalachian State,18,Furman,22, 
10/10/1981,Arizona,13,Southern Cal,10,21.0
10/10/1981,Arkansas,26,Texas Tech,14,-6.5
10/10/1981,Ball State,7,Indiana State,31, 
10/10/1981,Baylor,20,S-M-U,37,8.5
10/10/1981,Boston College,7,Penn State,38,24.5
10/10/1981,Brown,26,Pennsylvania,24,-7.0
10/10/1981,Cincinnati,19,Ohio,9, 
10/10/1981,The Citadel,0,Virginia Military,14, 
10/10/1981,Central Michigan,15,Western Michigan,13, 
10/10/1981,Colgate,0,Temple,31, 
10/10/1981,Colorado,0,Nebraska,59,23.0
10/10/1981,Columbia,14,Princeton,21,11.0
10/10/1981,Drake,24,Wichita State,23, 
10/10/1981,East Carolina,17,Richmond,13, 
10/10/1981,Eastern Illinois,3,Illinois State,25, 
10/10/1981,Fresno State,10,Fullerton State,13, 
10/10/1981,Florida State,19,Notre Dame,13,6.0
10/10/1981,Georgia,37,Mississippi,7,-9.0
10/10/1981,Georgia Tech,7,Tennessee,10,4.5
10/10/1981,Harvard,27,Cornell,10,-2.5
10/10/1981,Hawaii,14,Wyoming,9, 
10/10/1981,Houston,6,Texas A+M,7,-3.5
10/10/1981,Iowa State,31,San Diego State,52,-7.0
10/10/1981,Illinois,20,Purdue,44,6.0
10/10/1981,Indiana,28,Iowa,42,13.5
10/10/1981,Kansas State,13,Missouri,58,19.0
10/10/1981,Lamar,17,UL-Monroe,13, 
10/10/1981,Louisville,14,Memphis,7, 
10/10/1981,Louisiana State,7,Auburn,19,2.5
10/10/1981,Marshall,0,Chattanooga,20, 
10/10/1981,McNeese State,42,Northwestern St(LA),21, 
10/10/1981,Maryland,10,Florida,15,9.0
10/10/1981,Miami-Ohio,7,Bowling Green,7, 
10/10/1981,Michigan,38,Michigan State,20,-18.0
10/10/1981,Mississippi State,37,Colorado State,27, 
10/10/1981,Northern Illinois,10,Kent State,31, 
10/10/1981,New Mexico State,16,North Texas,38, 
10/10/1981,Northwestern,23,Minnesota,35,29.0
10/10/1981,Ohio State,21,Wisconsin,24,-6.0
10/10/1981,Oklahoma,14,Texas,34,-3.0
10/10/1981,Oklahoma State,20,Kansas,7,3.0
10/10/1981,Oregon,0,Arizona State,24,10.0
10/10/1981,Pittsburgh,17,West Virginia,0,-7.0
10/10/1981,Rutgers,17,Army,0,-7.0
10/10/1981,South Carolina,28,Kentucky,14,3.0
10/10/1981,Southern Illinois,29,West Texas A+M,22, 
10/10/1981,Southern Miss,13,Alabama,13,17.0
10/10/1981,UL-Lafayette,3,Arkansas State,14, 
10/10/1981,Texas-Arlington,31,Louisiana Tech,14, 
10/10/1981,Texas Christian,28,Rice,41,-3.0
10/10/1981,Toledo,42,Eastern Michigan,7, 
10/10/1981,U.C.L.A.,23,Stanford,26,-6.5
10/10/1981,Nevada-Las Vegas,45,Brigham Young,41, 
10/10/1981,UTEP,3,New Mexico,26, 
10/10/1981,Utah State,17,Pacific,14, 
10/10/1981,Vanderbilt,10,Tulane,14,8.0
10/10/1981,Virginia,0,Clemson,27,18.0
10/10/1981,Virginia Tech,7,Duke,14,-3.0
10/10/1981,Washington,27,California,26,-4.0
10/10/1981,Washington State,23,Oregon State,0,-9.0
10/10/1981,Western Carolina,37,Wofford,30, 
10/10/1981,Wake Forest,10,North Carolina,48,20.5
10/10/1981,William + Mary,12,Dartmouth,7, 
10/10/1981,Yale,29,Holy Cross,28,-1.0
10/17/1981,Arizona,18,Oregon,14,1.0
10/17/1981,Auburn,31,Georgia Tech,7,-3.0
10/17/1981,Bowling Green,17,Northern Illinois,10, 
10/17/1981,Brigham Young,27,San Diego State,7, 
10/17/1981,California,17,Arizona State,45,15.5
10/17/1981,Chattanooga,3,Arkansas State,2, 
10/17/1981,Clemson,38,Duke,10,-9.5
10/17/1981,Central Michigan,3,Toledo,17, 
10/17/1981,Cornell,14,Brown,9,8.0
10/17/1981,Dartmouth,24,Harvard,10,7.0
10/17/1981,Davidson,3,The Citadel,23, 
10/17/1981,Eastern Michigan,7,Ohio,29, 
10/17/1981,East Tennessee St,34,Western Carolina,23, 
10/17/1981,Florida State,14,Pittsburgh,42,7.0
10/17/1981,Fullerton State,23,San Jose State,45, 
10/17/1981,Furman,30,James Madison,14, 
10/17/1981,Georgia,53,Vanderbilt,21,-21.0
10/17/1981,Holy Cross,24,Connecticut,44, 
10/17/1981,Illinois,27,Ohio State,34,13.0
10/17/1981,Iowa,9,Michigan,7,12.5
10/17/1981,Kansas,7,Oklahoma,45,21.0
10/17/1981,Kent State,17,Ball State,7, 
10/17/1981,Kentucky,10,Louisiana State,24,3.0
10/17/1981,Lafayette,0,Colgate,30, 
10/17/1981,Louisiana Tech,16,Lamar,7, 
10/17/1981,Marshall,7,William + Mary,38, 
10/17/1981,Maryland,45,Wake Forest,33,-7.0
10/17/1981,Miami-Florida,10,Mississippi State,14,-1.0
10/17/1981,Minnesota,16,Indiana,17,-1.0
10/17/1981,Mississippi,3,Florida,49,14.0
10/17/1981,Missouri,13,Iowa State,34,-3.0
10/17/1981,Navy,25,Boston College,10,-5.0
10/17/1981,North Carolina,21,No Carolina State,10,-13.5
10/17/1981,Nebraska,49,Kansas State,3,-26.0
10/17/1981,UL-Monroe,25,McNeese State,41, 
10/17/1981,New Mexico,13,Hawaii,23, 
10/17/1981,New Mexico State,20,Illinois State,10, 
10/17/1981,Oklahoma State,10,Colorado,11,-7.0
10/17/1981,Oregon State,17,Washington,56,19.0
10/17/1981,Pacific,17,Long Beach State,10, 
10/17/1981,Penn State,41,Syracuse,16,-17.0
10/17/1981,Princeton,0,Army,34,14.0
10/17/1981,Purdue,35,Northwestern,0,-30.0
10/17/1981,Rice,30,Texas Tech,23,4.0
10/17/1981,Richmond,18,Cincinnati,27, 
10/17/1981,Southern Illinois,24,Fresno State,18, 
10/17/1981,Southern Miss,10,Memphis,0, 
10/17/1981,S-M-U,38,Houston,22,-1.0
10/17/1981,Stanford,17,Southern Cal,25,14.0
10/17/1981,UL-Lafayette,31,East Carolina,35, 
10/17/1981,Temple,24,Rutgers,12, 
10/17/1981,Tennessee,19,Alabama,38,17.0
10/17/1981,Texas,11,Arkansas,42,-6.0
10/17/1981,Tennessee State,42,Louisville,30, 
10/17/1981,Tulane,31,Air Force,13,-6.0
10/17/1981,Tulsa,20,Indiana State,19, 
10/17/1981,Texas A+M,17,Baylor,19,3.0
10/17/1981,U.C.L.A.,17,Washington State,17,-7.0
10/17/1981,Utah,24,Colorado State,13, 
10/17/1981,UTEP,12,Wyoming,63, 
10/17/1981,Utah State,13,Texas Christian,13, 
10/17/1981,Virginia,3,South Carolina,21,12.0
10/17/1981,Virginia Military,14,Appalachian State,14, 
10/17/1981,Virginia Tech,6,West Virginia,27,6.5
10/17/1981,Wisconsin,14,Michigan State,33,-5.0
10/17/1981,Western Michigan,19,Miami-Ohio,20, 
10/17/1981,West Texas A+M,23,Wichita State,17, 
10/17/1981,Yale,48,Columbia,17,-22.0
10/24/1981,Air Force,20,Oregon,10,17.0
10/24/1981,Arkansas State,7,McNeese State,21, 
10/24/1981,Appalachian State,12,Virginia Tech,34, 
10/24/1981,Arizona State,62,Stanford,36,-4.5
10/24/1981,Ball State,3,Western Michigan,14, 
10/24/1981,Boston College,41,Army,6,-2.0
10/24/1981,Brown,24,Holy Cross,34,14.0
10/24/1981,Brigham Young,20,Wyoming,33, 
10/24/1981,California,6,U.C.L.A.,34,15.5
10/24/1981,Chattanooga,10,Western Carolina,24, 
10/24/1981,Colgate,41,Columbia,3,-26.0
10/24/1981,Colorado,10,Iowa State,17,19.0
10/24/1981,Cornell,7,Dartmouth,42,8.0
10/24/1981,Colorado State,29,UTEP,35, 
10/24/1981,Duke,21,Maryland,24,9.0
10/24/1981,East Tennessee St,34,Wofford,8, 
10/24/1981,Fresno State,30,Pacific,27, 
10/24/1981,Florida State,38,Louisiana State,14,-6.5
10/24/1981,Fullerton State,9,Long Beach State,10, 
10/24/1981,Georgia Tech,10,Tulane,27,4.0
10/24/1981,Hawaii,28,San Diego State,10, 
10/24/1981,Houston,20,Arkansas,17,4.0
10/24/1981,Illinois State,14,Indiana State,34, 
10/24/1981,Indiana,10,Ohio State,29,17.0
10/24/1981,Kent State,3,Central Michigan,24, 
10/24/1981,Kansas State,14,Kansas,17,12.0
10/24/1981,Kentucky,0,Georgia,21,21.0
10/24/1981,Liberty,14,Furman,38, 
10/24/1981,Louisville,11,Oklahoma State,19, 
10/24/1981,Louisiana Tech,37,Northwestern St(LA),33, 
10/24/1981,Michigan State,26,Purdue,27,12.0
10/24/1981,Miami-Florida,31,East Carolina,6, 
10/24/1981,Minnesota,12,Iowa,10,12.0
10/24/1981,Mississippi State,21,Auburn,17,-3.0
10/24/1981,No Carolina State,7,Clemson,17,15.0
10/24/1981,Nebraska,6,Missouri,0,-7.0
10/24/1981,UL-Monroe,47,S E Louisiana,50, 
10/24/1981,Newberry,14,The Citadel,55, 
10/24/1981,Northern Illinois,30,Eastern Michigan,7, 
10/24/1981,New Mexico,17,New Mexico State,13, 
10/24/1981,Northwestern,0,Michigan,38,42.0
10/24/1981,Ohio,14,Miami-Ohio,40, 
10/24/1981,Oregon State,3,Oklahoma,42,35.0
10/24/1981,Pennsylvania,3,Yale,24,29.0
10/24/1981,Princeton,17,Harvard,17,9.5
10/24/1981,Rutgers,7,Alabama,31, 
10/24/1981,Southern Cal,14,Notre Dame,7,-4.0
10/24/1981,South Carolina,31,North Carolina,13,14.5
10/24/1981,San Jose State,27,Utah State,24, 
10/24/1981,UL-Lafayette,0,Southern Illinois,41, 
10/24/1981,Syracuse,10,Pittsburgh,23,25.0
10/24/1981,Texas-Arlington,7,North Texas,6, 
10/24/1981,Texas Christian,21,Baylor,34,8.0
10/24/1981,Temple,24,Cincinnati,13, 
10/24/1981,Tennessee,28,Memphis,9, 
10/24/1981,Texas,9,S-M-U,7,-1.0
10/24/1981,Toledo,0,Bowling Green,38, 
10/24/1981,Texas A+M,51,Rice,26,-4.5
10/24/1981,Utah,69,Nevada-Las Vegas,28, 
10/24/1981,Vanderbilt,27,Mississippi,23,7.0
10/24/1981,Virginia Military,20,Marshall,16, 
10/24/1981,Washington,14,Texas Tech,7,-9.0
10/24/1981,Washington State,34,Arizona,19,4.0
10/24/1981,Wake Forest,24,Virginia,21,2.0
10/24/1981,Wichita State,21,Tulsa,52, 
10/24/1981,Wisconsin,21,Illinois,23,0.0
10/24/1981,William + Mary,0,Navy,27, 
10/24/1981,West Texas A+M,13,Drake,21, 
10/24/1981,West Virginia,7,Penn State,30,17.0
10/31/1981,Arkansas State,10,Texas-Arlington,7, 
10/31/1981,Arkansas,41,Rice,7,-13.0
10/31/1981,Army,3,Air Force,7,5.0
10/31/1981,Bucknell,15,Cornell,22, 
10/31/1981,Chattanooga,17,East Tennessee St,0, 
10/31/1981,Central Michigan,38,Ohio,21, 
10/31/1981,Colgate,24,Syracuse,47,9.0
10/31/1981,Colorado,0,Oklahoma,49,26.0
10/31/1981,Columbia,7,Holy Cross,14,26.0
10/31/1981,Colorado State,21,Wyoming,55, 
10/31/1981,Dartmouth,3,Yale,24,15.0
10/31/1981,Drake,6,Tulsa,59, 
10/31/1981,Duke,38,Georgia Tech,24,-3.0
10/31/1981,East Carolina,3,West Virginia,20, 
10/31/1981,Eastern Michigan,13,Ball State,35, 
10/31/1981,Florida,12,Auburn,14,-3.5
10/31/1981,Fresno State,0,Utah State,20, 
10/31/1981,Fullerton State,16,Pacific,17, 
10/31/1981,Harvard,41,Brown,7,1.5
10/31/1981,Houston,20,Texas Christian,16,-9.0
10/31/1981,Iowa State,7,Kansas State,10,-20.0
10/31/1981,Illinois State,7,Wichita State,38, 
10/31/1981,Indiana,3,Michigan State,26,6.5
10/31/1981,Iowa,7,Illinois,24,-5.0
10/31/1981,James Madison,19,William + Mary,31, 
10/31/1981,Kansas,15,Nebraska,31,26.0
10/31/1981,Kent State,7,Bowling Green,13, 
10/31/1981,Louisiana State,27,Mississippi,27,-2.0
10/31/1981,Louisiana Tech,17,UL-Lafayette,17, 
10/31/1981,Marshall,3,Furman,35, 
10/31/1981,McNeese State,20,Lamar,20, 
10/31/1981,Memphis,0,Vanderbilt,26, 
10/31/1981,Miami-Ohio,10,Toledo,17, 
10/31/1981,Michigan,34,Minnesota,13,-10.0
10/31/1981,Mississippi State,10,Alabama,13,7.0
10/31/1981,Navy,0,Notre Dame,38,10.5
10/31/1981,North Carolina,17,Maryland,10,-6.0
10/31/1981,No Carolina State,12,South Carolina,20,6.5
10/31/1981,Nicholls State,18,UL-Monroe,55, 
10/31/1981,New Mexico,7,Brigham Young,31, 
10/31/1981,Northwestern,0,Wisconsin,52,31.0
10/31/1981,Ohio State,45,Purdue,33,-1.5
10/31/1981,Oklahoma State,16,Missouri,12,13.0
10/31/1981,Oregon State,3,California,45,13.5
10/31/1981,Penn State,14,Miami-Florida,17,-5.5
10/31/1981,Pittsburgh,29,Boston College,24,-20.0
10/31/1981,Presbyterian,3,The Citadel,21, 
10/31/1981,Princeton,38,Pennsylvania,30,-3.0
10/31/1981,San Diego State,14,Utah,17, 
10/31/1981,Southern Illinois,17,Indiana State,3, 
10/31/1981,San Jose State,24,Arizona State,31, 
10/31/1981,Southern Miss,22,North Texas,0, 
10/31/1981,S-M-U,27,Texas A+M,7,-4.0
10/31/1981,Stanford,31,Washington,42,9.0
10/31/1981,Temple,3,Georgia,49, 
10/31/1981,Texas Tech,9,Texas,26,22.0
10/31/1981,Tulane,13,Cincinnati,17, 
10/31/1981,U.C.L.A.,28,Oregon,11,-13.5
10/31/1981,Nevada-Las Vegas,21,Hawaii,57, 
10/31/1981,UTEP,15,Arizona,48, 
10/31/1981,Virginia Military,10,Virginia,13, 
10/31/1981,Virginia Tech,29,Kentucky,3,-1.0
10/31/1981,Washington State,17,Southern Cal,41,13.0
10/31/1981,Western Carolina,31,Florida State,56, 
10/31/1981,Wake Forest,24,Clemson,82,21.0
10/31/1981,Western Illinois,24,New Mexico State,31, 
10/31/1981,Western Michigan,23,Northern Illinois,12, 
11/07/1981,Baylor,39,Arkansas,41,7.0
11/07/1981,Boise State,17,Fullerton State,20, 
11/07/1981,Bowling Green,14,Ball State,10, 
11/07/1981,Bucknell,6,Colgate,24, 
11/07/1981,Brigham Young,63,Colorado State,14, 
11/07/1981,The Citadel,28,Chattanooga,28, 
11/07/1981,Clemson,10,North Carolina,8,-3.0
11/07/1981,Dartmouth,21,Columbia,7,-15.5
11/07/1981,Delaware,40,Pennsylvania,6, 
11/07/1981,Drake,22,Southern Illinois,17, 
11/07/1981,Duke,31,Wake Forest,10,-5.5
11/07/1981,East Carolina,66,East Tennessee St,23, 
11/07/1981,Eastern Michigan,7,Kent State,13, 
11/07/1981,Florida,21,Georgia,26,5.0
11/07/1981,Furman,30,Davidson,12, 
11/07/1981,Georgia Tech,3,Notre Dame,35,25.0
11/07/1981,Harvard,23,William + Mary,14, 
11/07/1981,Hawaii,35,UTEP,7, 
11/07/1981,Holy Cross,28,Army,13,3.0
11/07/1981,Illinois,21,Michigan,70,15.0
11/07/1981,Indiana State,14,West Texas A+M,17, 
11/07/1981,Kansas,24,Iowa State,11,13.0
11/07/1981,Kentucky,17,Vanderbilt,10,3.5
11/07/1981,Lamar,9,Arkansas State,16, 
11/07/1981,Louisiana Tech,20,McNeese State,27, 
11/07/1981,Maine,55,Princeton,44, 
11/07/1981,Marshall,17,Appalachian State,10, 
11/07/1981,Massachusetts,22,Boston College,52, 
11/07/1981,Michigan State,61,Northwestern,14,-28.0
11/07/1981,Maryland,7,Tulane,14,-3.0
11/07/1981,Memphis,7,Cincinnati,38, 
11/07/1981,Miami-Florida,27,Florida State,19,3.0
11/07/1981,Miami-Ohio,7,Central Michigan,3, 
11/07/1981,Missouri,30,Colorado,14,-14.0
11/07/1981,Mississippi State,6,Southern Miss,7, 
11/07/1981,Nebraska,54,Oklahoma State,7,-14.0
11/07/1981,UL-Monroe,40,Louisville,7, 
11/07/1981,New Mexico State,0,Tulsa,31, 
11/07/1981,North Texas,0,Auburn,20, 
11/07/1981,Ohio,14,Northern Illinois,38, 
11/07/1981,Ohio State,31,Minnesota,35,-10.0
11/07/1981,Oklahoma,28,Kansas State,21,-27.0
11/07/1981,Oregon,7,Washington State,39,11.0
11/07/1981,Pacific,23,South Carolina,21, 
11/07/1981,Penn State,22,No Carolina State,15,-14.0
11/07/1981,Pittsburgh,47,Rutgers,3,-20.0
11/07/1981,Purdue,7,Iowa,33,3.0
11/07/1981,Rhode Island,8,Brown,10, 
11/07/1981,Rice,12,S-M-U,33,24.0
11/07/1981,Richmond,45,Virginia Military,14, 
11/07/1981,Southern Cal,21,California,3,-18.0
11/07/1981,Stanford,63,Oregon State,9,-17.0
11/07/1981,Syracuse,23,Navy,35,3.0
11/07/1981,Texas-Arlington,23,UL-Lafayette,7, 
11/07/1981,Texas Christian,39,Texas Tech,39,4.5
11/07/1981,Temple,19,West Virginia,24, 
11/07/1981,Texas,14,Houston,14,-3.0
11/07/1981,Toledo,28,Western Michigan,14, 
11/07/1981,Nevada-Las Vegas,26,Fresno State,42, 
11/07/1981,Utah,7,New Mexico,7, 
11/07/1981,Utah State,28,Long Beach State,2, 
11/07/1981,Washington,0,U.C.L.A.,31,7.0
11/07/1981,Wichita State,21,Tennessee,24, 
11/07/1981,Wisconsin,28,Indiana,7,-8.0
11/07/1981,Wyoming,24,San Diego State,13, 
11/07/1981,Yale,23,Cornell,17,-17.0
11/14/1981,Arkansas State,0,Louisiana Tech,32, 
11/14/1981,Alabama,31,Penn State,16,4.0
11/14/1981,Appalachian State,14,East Tennessee St,21, 
11/14/1981,Arizona,40,Oregon State,7,-20.0
11/14/1981,Arkansas,10,Texas A+M,7,-3.0
11/14/1981,Army,0,Pittsburgh,48,38.0
11/14/1981,Auburn,13,Georgia,24,13.0
11/14/1981,Arizona State,24,U.C.L.A.,34,1.0
11/14/1981,Boston College,17,Syracuse,27,2.5
11/14/1981,Bowling Green,28,Eastern Michigan,0, 
11/14/1981,Brown,13,Dartmouth,38,7.5
11/14/1981,Brigham Young,13,Hawaii,3, 
11/14/1981,California,0,Washington State,19,12.0
11/14/1981,Central Michigan,28,Ball State,7, 
11/14/1981,Colgate,32,Holy Cross,13,0.0
11/14/1981,Colorado,0,Kansas,27,9.0
11/14/1981,Columbia,9,Cornell,15,11.5
11/14/1981,Drake,13,Illinois State,10, 
11/14/1981,Fresno State,31,Long Beach State,30, 
11/14/1981,Furman,33,Virginia Military,21, 
11/14/1981,Iowa State,7,Nebraska,31,19.0
11/14/1981,Indiana,14,Illinois,35,12.5
11/14/1981,Indiana State,27,Eastern Illinois,14, 
11/14/1981,Iowa,17,Wisconsin,7,-1.0
11/14/1981,Kent State,0,Toledo,17, 
11/14/1981,Kansas State,10,Oklahoma State,31,9.0
11/14/1981,Kentucky,12,Florida,33,16.0
11/14/1981,Louisville,0,Cincinnati,24, 
11/14/1981,McNeese State,20,Texas-Arlington,21, 
11/14/1981,Maryland,7,Clemson,21,14.0
11/14/1981,Michigan,28,Purdue,10,-10.0
11/14/1981,Minnesota,36,Michigan State,43,5.0
11/14/1981,Mississippi,20,Tennessee,28,6.5
11/14/1981,Mississippi State,17,Louisiana State,9,-8.0
11/14/1981,Navy,20,Georgia Tech,14,-7.5
11/14/1981,North Carolina,17,Virginia,14,-18.0
11/14/1981,No Carolina State,7,Duke,17,0.0
11/14/1981,Notre Dame,35,Air Force,7,-25.0
11/14/1981,Northern Illinois,3,Miami-Ohio,30, 
11/14/1981,New Mexico,28,Colorado State,16, 
11/14/1981,Northern Michigan,32,Wichita State,30, 
11/14/1981,North Texas,17,UL-Monroe,14, 
11/14/1981,Northwestern,6,Ohio State,70,40.0
11/14/1981,Oklahoma,14,Missouri,19,-7.0
11/14/1981,Oregon,3,Stanford,42,14.0
11/14/1981,Pacific,25,San Jose State,40, 
11/14/1981,Pennsylvania,7,Harvard,45,16.0
11/14/1981,Rice,17,Baylor,14,15.0
11/14/1981,Rutgers,3,West Virginia,20, 
11/14/1981,Southern Cal,3,Washington,13,-10.0
11/14/1981,San Diego State,38,Nevada-Las Vegas,20, 
11/14/1981,Southern Illinois,23,New Mexico State,15, 
11/14/1981,Southern Miss,58,Florida State,14, 
11/14/1981,UL-Lafayette,12,Lamar,14, 
11/14/1981,Texas Christian,15,Texas,31,20.0
11/14/1981,Tennessee State,9,Chattanooga,28, 
11/14/1981,Texas Tech,6,S-M-U,30,22.0
11/14/1981,Tulane,24,Memphis,7,-3.5
11/14/1981,Tulsa,24,West Texas A+M,10, 
11/14/1981,Utah State,24,Idaho State,50, 
11/14/1981,Virginia Tech,14,Miami-Florida,21,12.0
11/14/1981,Western Carolina,38,Marshall,28, 
11/14/1981,Wake Forest,34,Richmond,22, 
11/14/1981,Western Michigan,20,Ohio,37, 
11/14/1981,William + Mary,31,East Carolina,21, 
11/14/1981,Wofford,14,The Citadel,24, 
11/14/1981,Wyoming,27,Utah,30, 
11/14/1981,Yale,31,Princeton,35,-16.0
11/21/1981,Air Force,21,Nevada-Las Vegas,24, 
11/21/1981,Appalachian State,10,Western Carolina,21, 
11/21/1981,Ball State,14,Illinois State,10, 
11/21/1981,Baylor,12,Texas,34,12.0
11/21/1981,California,21,Stanford,42,13.0
11/21/1981,Chattanooga,14,Vanderbilt,28, 
11/21/1981,Cincinnati,3,Miami-Ohio,7, 
11/21/1981,Clemson,29,South Carolina,13,-8.0
11/21/1981,Central Michigan,6,Bowling Green,3, 
11/21/1981,Columbia,20,Brown,23,12.0
11/21/1981,Cornell,14,Princeton,37,8.0
11/21/1981,Colorado State,7,Arizona State,52, 
11/21/1981,Dartmouth,33,Pennsylvania,13,-16.5
11/21/1981,Eastern Michigan,7,Western Michigan,38, 
11/21/1981,East Tennessee St,14,James Madison,17, 
11/21/1981,Fresno State,23,Arizona,17, 
11/21/1981,Furman,18,The Citadel,35, 
11/21/1981,Harvard,0,Yale,28,10.0
11/21/1981,Illinois,49,Northwestern,12,-36.0
11/21/1981,Indiana State,42,Marshall,0, 
11/21/1981,Kansas State,21,Colorado,24,1.0
11/21/1981,Lamar,7,Texas-Arlington,31, 
11/21/1981,McNeese State,14,UL-Lafayette,7, 
11/21/1981,Michigan State,7,Iowa,36,7.0
11/21/1981,Miami-Florida,14,No Carolina State,6,-7.0
11/21/1981,Mississippi,21,Mississippi State,17,14.5
11/21/1981,Missouri,11,Kansas,19,-6.0
11/21/1981,North Carolina,31,Duke,10,-7.0
11/21/1981,Notre Dame,21,Penn State,24,4.0
11/21/1981,Nebraska-Omaha,0,Drake,53, 
11/21/1981,Nebraska,37,Oklahoma,14,0.0
11/21/1981,UL-Monroe,9,Northwestern St(LA),41, 
11/21/1981,Nevada-Reno,36,Fullerton State,34, 
11/21/1981,Ohio,20,Kent State,7, 
11/21/1981,Ohio State,14,Michigan,9,8.0
11/21/1981,Oklahoma State,27,Iowa State,7,3.5
11/21/1981,Oregon State,17,Oregon,47,16.0
11/21/1981,Pacific,23,Hawaii,17, 
11/21/1981,Pittsburgh,35,Temple,0, 
11/21/1981,Purdue,17,Indiana,20,-9.5
11/21/1981,Richmond,21,William + Mary,35, 
11/21/1981,Rutgers,21,Boston College,27, 
11/21/1981,San Jose State,24,Long Beach State,22, 
11/21/1981,Southern Miss,10,Louisville,13, 
11/21/1981,S-M-U,32,Arkansas,18,-2.0
11/21/1981,Tennessee,10,Kentucky,21,-2.5
11/21/1981,Toledo,31,Northern Illinois,0, 
11/21/1981,Texas Tech,7,Houston,15,16.0
11/21/1981,Tulsa,7,Arkansas State,31, 
11/21/1981,Texas A+M,37,Texas Christian,7,-6.5
11/21/1981,U.C.L.A.,21,Southern Cal,22,4.0
11/21/1981,Utah,28,Brigham Young,56, 
11/21/1981,UTEP,14,San Diego State,59, 
11/21/1981,Virginia,7,Maryland,48,12.0
11/21/1981,Virginia Military,6,Virginia Tech,0, 
11/21/1981,Washington State,10,Washington,23,2.0
11/21/1981,Wisconsin,26,Minnesota,21,1.0
11/21/1981,West Texas A+M,45,New Mexico State,9, 
11/21/1981,West Virginia,24,Syracuse,27,-2.5
11/21/1981,Wyoming,13,New Mexico,12, 
11/26/1981,Pennsylvania,12,Richmond,18, 
11/26/1981,Texas,21,Texas A+M,13,-6.5
11/27/1981,Notre Dame,15,Miami-Florida,37,3.0
11/28/1981,Air Force,21,San Diego State,16, 
11/28/1981,Alabama,28,Auburn,17,-11.0
11/28/1981,Arizona,13,Arizona State,24,13.0
11/28/1981,Army,3,Navy,3,20.0
11/28/1981,Boston College,28,Holy Cross,24,-11.0
11/28/1981,Colorado State,6,Hawaii,59, 
11/28/1981,Florida State,3,Florida,35,4.0
11/28/1981,Houston,40,Rice,3,-13.0
11/28/1981,Lamar,14,Southern Miss,45, 
11/28/1981,Louisiana State,7,Tulane,48,3.0
11/28/1981,North Texas,16,San Jose State,28, 
11/28/1981,Oklahoma,27,Oklahoma State,3,-8.0
11/28/1981,Penn State,48,Pittsburgh,14,6.5
11/28/1981,Nevada-Las Vegas,27,UTEP,20, 
11/28/1981,Vanderbilt,34,Tennessee,38,7.0
11/28/1981,Virginia Tech,20,Virginia,3,-7.0
12/05/1981,Georgia,44,Georgia Tech,7,-21.0
12/05/1981,South Carolina,10,Hawaii,33, 
