Date,Visitor,Visitor Score,Home Team,Home Score,Line
08/27/1988,Nebraska,23,Texas A+M,14,-8.5
09/01/1988,Brigham Young,14,Wyoming,24,-3.0
09/01/1988,Southern Cal,34,Boston College,7,-5.5
09/03/1988,Air Force,29,Colorado State,23,-8.0
09/03/1988,Akron,6,Northern Illinois,7, 
09/03/1988,Arizona,24,Oregon State,13,-14.5
09/03/1988,Stephen F Austin,7,Southern Miss,21, 
09/03/1988,Boise State,29,Long Beach State,10, 
09/03/1988,Bowling Green,14,West Virginia,62, 
09/03/1988,Chattanooga,19,Tulane,33, 
09/03/1988,Central Michigan,7,Kentucky,18, 
09/03/1988,Duke,31,Northwestern,21,-9.0
09/03/1988,Fresno State,68,New Mexico,21, 
09/03/1988,Florida State,0,Miami-Florida,31,-4.0
09/03/1988,Fullerton State,9,UL-Lafayette,24, 
09/03/1988,Iowa,24,Hawaii,27,-20.0
09/03/1988,James Madison,14,Navy,27, 
09/03/1988,Kansas State,9,Tulsa,35,15.0
09/03/1988,Louisville,16,Maryland,27,13.0
09/03/1988,Louisiana Tech,14,Mississippi State,21, 
09/03/1988,Mankato State,3,UTEP,37, 
09/03/1988,Memphis,6,Mississippi,24,1.5
09/03/1988,Miami-Ohio,17,Eastern Michigan,24, 
09/03/1988,Montana State,0,Florida,69, 
09/03/1988,North Carolina,10,South Carolina,31,14.0
09/03/1988,Northern Iowa,10,Pittsburgh,59, 
09/03/1988,North Texas,29,Texas Tech,24, 
09/03/1988,Pacific,14,Arkansas,63, 
09/03/1988,San Diego State,6,U.C.L.A.,59,24.5
09/03/1988,San Jose State,51,New Mexico State,0, 
09/03/1988,Temple,21,Syracuse,31,18.5
09/03/1988,Tennessee,17,Georgia,28,4.0
09/03/1988,Tennessee Tech,13,East Carolina,52, 
09/03/1988,Toledo,3,Ball State,13, 
09/03/1988,Texas A+M,0,Louisiana State,27,3.5
09/03/1988,Nevada-Las Vegas,3,Baylor,27, 
09/03/1988,Utah State,13,Nebraska,63, 
09/03/1988,Virginia Tech,7,Clemson,40,20.5
09/03/1988,Washington State,44,Illinois,7,4.0
09/03/1988,Western Carolina,6,No Carolina State,45, 
09/03/1988,Wake Forest,31,Villanova,11, 
09/03/1988,Western Michigan,24,Wisconsin,14, 
09/03/1988,William + Mary,23,Virginia,31, 
09/03/1988,Youngstown State,3,Kent State,34, 
09/08/1988,Texas,6,Brigham Young,47,-4.0
09/08/1988,Wyoming,44,Louisville,9,-8.0
09/10/1988,Akron,12,Kent State,32, 
09/10/1988,Arkansas State,7,Memphis,9, 
09/10/1988,Alabama,37,Temple,0,-15.0
09/10/1988,Ball State,34,Bowling Green,10, 
09/10/1988,Baylor,27,Kansas,14,-18.0
09/10/1988,Chattanooga,10,Georgia Tech,24, 
09/10/1988,Cincinnati,7,Boston College,41,19.0
09/10/1988,Delaware,3,Navy,30, 
09/10/1988,Duke,31,Tennessee,26,2.0
09/10/1988,East Carolina,16,Virginia Tech,27,-2.0
09/10/1988,Eastern Michigan,17,Youngstown State,12, 
09/10/1988,Florida,27,Mississippi,15,-9.0
09/10/1988,Fresno State,3,Colorado,45, 
09/10/1988,Fullerton State,10,West Virginia,45, 
09/10/1988,Furman,3,Clemson,23, 
09/10/1988,Hawaii,31,Colorado State,23,4.5
09/10/1988,Holy Cross,3,Army,23, 
09/10/1988,Houston,60,Louisiana Tech,0, 
09/10/1988,Idaho State,16,Utah,41, 
09/10/1988,Illinois,16,Arizona State,21,19.0
09/10/1988,Illinois State,0,Wake Forest,35, 
09/10/1988,Indiana,41,Rice,14,-14.0
09/10/1988,Iowa,45,Kansas State,10,-33.0
09/10/1988,Kentucky,10,Auburn,20,16.0
09/10/1988,Long Beach State,0,Oregon,49, 
09/10/1988,Miami-Ohio,20,Oklahoma State,52, 
09/10/1988,Michigan,17,Notre Dame,19,2.5
09/10/1988,Mississippi State,20,Vanderbilt,24,5.0
09/10/1988,Middle Tennessee,10,Northern Illinois,14, 
09/10/1988,Nebraska,28,U.C.L.A.,41,-1.0
09/10/1988,New Mexico,36,New Mexico State,34,-3.0
09/10/1988,Ohio,14,Marshall,31, 
09/10/1988,Oklahoma,28,North Carolina,0,-23.5
09/10/1988,Oregon State,41,San Jose State,27,9.0
09/10/1988,Pacific,7,California,30, 
09/10/1988,Penn State,42,Virginia,14,-2.5
09/10/1988,Rutgers,17,Michigan State,13,18.0
09/10/1988,Southern Cal,24,Stanford,20,-13.0
09/10/1988,Southern Miss,13,Florida State,49,32.0
09/10/1988,Syracuse,9,Ohio State,26,2.5
09/10/1988,Texas Christian,10,Georgia,38,14.5
09/10/1988,Texas Tech,19,Arizona,35,8.5
09/10/1988,Tulane,13,Iowa State,30,-7.5
09/10/1988,Tulsa,26,Arkansas,30,19.5
09/10/1988,Utah State,21,Missouri,35, 
09/10/1988,Washington,20,Purdue,6,-11.5
09/10/1988,Washington State,41,Minnesota,9,-1.0
09/10/1988,Western Carolina,0,South Carolina,38, 
09/10/1988,Weber State,21,UTEP,48, 
09/10/1988,Western Michigan,31,Toledo,9, 
09/11/1988,Air Force,36,San Diego State,39,-7.5
09/17/1988,Arizona,10,Oklahoma,28,23.0
09/17/1988,Army,17,Washington,31,20.5
09/17/1988,Baylor,35,Iowa State,0,-4.0
09/17/1988,Boston College,20,Penn State,23,8.0
09/17/1988,Bowling Green,12,Texas Christian,49, 
09/17/1988,California,16,Oregon State,17,-5.0
09/17/1988,The Citadel,17,Duke,41, 
09/17/1988,Central Michigan,27,Akron,16, 
09/17/1988,Colorado,24,Iowa,21,5.5
09/17/1988,Colorado State,17,Arizona State,28,14.5
09/17/1988,East Carolina,0,South Carolina,17,23.0
09/17/1988,Florida State,24,Clemson,21,-2.5
09/17/1988,Fullerton State,20,Nevada-Las Vegas,10, 
09/17/1988,Georgia,42,Mississippi State,35,-14.0
09/17/1988,Georgia Tech,16,Virginia,17,6.5
09/17/1988,Houston,31,Missouri,7,1.0
09/17/1988,Idaho,36,Pacific,26, 
09/17/1988,Illinois State,14,Western Michigan,44, 
09/17/1988,Indiana State,0,Florida,58, 
09/17/1988,Kansas,7,Auburn,56,38.0
09/17/1988,Kent State,14,Eastern Michigan,21, 
09/17/1988,Kansas State,16,Tulane,20,21.0
09/17/1988,Kentucky,15,Indiana,36,7.0
09/17/1988,Long Beach State,3,U.C.L.A.,56, 
09/17/1988,Louisiana State,34,Tennessee,9,-3.5
09/17/1988,Louisiana Tech,6,Wyoming,38, 
09/17/1988,Massachusetts,17,Ball State,44, 
09/17/1988,Maryland,24,West Virginia,55,20.0
09/17/1988,Memphis,18,Louisville,29,-6.0
09/17/1988,Miami-Florida,31,Michigan,30,-7.0
09/17/1988,Miami-Ohio,3,Minnesota,35, 
09/17/1988,Mississippi,13,Arkansas,21,10.0
09/17/1988,Notre Dame,20,Michigan State,3,0.0
09/17/1988,Northern Illinois,19,Wisconsin,17, 
09/17/1988,New Mexico,0,Texas,47,34.5
09/17/1988,New Mexico State,0,Fresno State,41, 
09/17/1988,Northwestern,27,Air Force,62,16.0
09/17/1988,Ohio,10,Purdue,33, 
09/17/1988,Ohio State,10,Pittsburgh,42,3.5
09/17/1988,Oregon,43,Washington State,28,4.0
09/17/1988,Austin Peay,7,Cincinnati,52, 
09/17/1988,San Diego State,10,Stanford,31,12.5
09/17/1988,San Jose State,27,Hawaii,36, 
09/17/1988,Temple,12,Navy,7,-2.0
09/17/1988,Toledo,19,McNeese State,46, 
09/17/1988,Utah,24,Illinois,35,5.5
09/17/1988,UTEP,27,Brigham Young,31,10.5
09/17/1988,Vanderbilt,31,Rutgers,30,3.0
09/17/1988,Virginia Tech,13,Southern Miss,35,1.0
09/17/1988,Wake Forest,6,No Carolina State,14,1.0
09/18/1988,Sam Houston State,8,UL-Lafayette,33, 
09/24/1988,Akron,30,New Mexico,28, 
09/24/1988,Arizona State,16,Nebraska,47,21.5
09/24/1988,Baylor,6,Texas Tech,36,-2.0
09/24/1988,Boston College,17,Texas Christian,31,1.0
09/24/1988,Bowling Green,5,Toledo,34, 
09/24/1988,Cincinnati,34,Miami-Ohio,18, 
09/24/1988,Clemson,30,Georgia Tech,13,-14.0
09/24/1988,Eastern Michigan,0,Arizona,55, 
09/24/1988,Georgia,10,South Carolina,23,2.0
09/24/1988,Hawaii,48,Utah,20,-3.0
09/24/1988,Iowa State,3,Iowa,10,24.0
09/24/1988,Indiana,28,Missouri,28,-6.5
09/24/1988,Kansas,21,California,52,22.0
09/24/1988,Kent State,14,Kentucky,38, 
09/24/1988,Louisville,38,North Carolina,34,14.0
09/24/1988,Louisiana State,33,Ohio State,36,-8.0
09/24/1988,McNeese State,0,Fresno State,49, 
09/24/1988,Michigan State,7,Florida State,30,15.5
09/24/1988,Memphis,19,Tulane,20,4.0
09/24/1988,Montana State,10,Central Michigan,48, 
09/24/1988,Mississippi State,0,Florida,17,16.5
09/24/1988,Navy,35,The Citadel,42, 
09/24/1988,No Carolina State,26,Maryland,30,-2.0
09/24/1988,Nicholls State,10,Louisiana Tech,31, 
09/24/1988,Northern Illinois,20,Minnesota,31, 
09/24/1988,New Mexico State,20,Utah State,32, 
09/24/1988,North Texas,24,Texas,27, 
09/24/1988,Northwestern,7,Army,23,13.5
09/24/1988,Ohio,18,Nevada-Las Vegas,26, 
09/24/1988,Oklahoma,7,Southern Cal,23,-1.5
09/24/1988,Oregon State,21,Colorado,28,18.5
09/24/1988,Pacific,10,Fullerton State,13, 
09/24/1988,Purdue,7,Notre Dame,52,21.0
09/24/1988,Rice,16,UL-Lafayette,41,11.5
09/24/1988,Rutgers,21,Penn State,16,12.0
09/24/1988,San Jose State,31,Washington,35, 
09/24/1988,Southern Miss,45,East Carolina,42,3.5
09/24/1988,Stanford,3,Oregon,7,5.5
09/24/1988,Tennessee,6,Auburn,38,14.0
09/24/1988,Texas A+M,15,Oklahoma State,52,1.5
09/24/1988,UTEP,27,Tulsa,24,1.0
09/24/1988,Vanderbilt,10,Alabama,44,16.5
09/24/1988,Virginia,34,Duke,38,7.0
09/24/1988,Virginia Tech,0,Syracuse,35,16.0
09/24/1988,Wake Forest,9,Michigan,19,19.0
09/24/1988,Wisconsin,3,Miami-Florida,23,41.0
09/24/1988,West Virginia,31,Pittsburgh,10,1.0
09/24/1988,Wyoming,48,Air Force,45,-1.5
09/30/1988,Utah State,3,Brigham Young,38, 
10/01/1988,Akron,33,Youngstown State,7, 
10/01/1988,Alabama,31,Kentucky,27,-11.0
10/01/1988,Appalachian State,9,South Carolina,35, 
10/01/1988,Bowling Green,10,Western Michigan,37, 
10/01/1988,Bucknell,10,Army,58, 
10/01/1988,Cincinnati,9,Rutgers,38,16.0
10/01/1988,Colorado,27,Colorado State,23,-11.0
10/01/1988,Duke,17,Vanderbilt,15,0.0
10/01/1988,Fresno State,10,Oregon State,21, 
10/01/1988,Florida State,48,Tulane,28,-27.0
10/01/1988,Fullerton State,16,Wyoming,35, 
10/01/1988,Houston,27,Baylor,24,-4.5
10/01/1988,Iowa State,7,Oklahoma,35,35.0
10/01/1988,Illinois,31,Ohio State,12,13.0
10/01/1988,Indiana,48,Northwestern,17,-20.5
10/01/1988,Iowa,10,Michigan State,10,3.0
10/01/1988,Kent State,7,Central Michigan,31, 
10/01/1988,Lamar,13,Arizona State,24, 
10/01/1988,Louisville,23,Southern Miss,30,5.5
10/01/1988,Louisiana State,6,Florida,19,-1.0
10/01/1988,Louisiana Tech,31,Kansas State,28, 
10/01/1988,Maryland,9,Syracuse,20,14.5
10/01/1988,Miami-Ohio,14,Ball State,45, 
10/01/1988,Michigan,62,Wisconsin,14,-21.0
10/01/1988,Minnesota,10,Purdue,14,0.0
10/01/1988,Mississippi,12,Georgia,36,14.0
10/01/1988,Missouri,0,Miami-Florida,55,27.0
10/01/1988,Mississippi State,10,Memphis,31,-3.5
10/01/1988,North Carolina,21,Auburn,47,24.0
10/01/1988,No Carolina State,14,Georgia Tech,6,1.5
10/01/1988,New Mexico,14,Air Force,63,37.0
10/01/1988,New Mexico State,42,Kansas,29, 
10/01/1988,Oregon,34,San Diego State,13,-9.5
10/01/1988,Pacific,22,Long Beach State,10, 
10/01/1988,Penn State,45,Temple,9,-13.0
10/01/1988,Pittsburgh,31,Boston College,34,-4.0
10/01/1988,Southern Cal,38,Arizona,15,-7.0
10/01/1988,San Jose State,14,California,21, 
10/01/1988,Stanford,14,Notre Dame,42,13.5
10/01/1988,UL-Lafayette,48,East Carolina,36,-2.0
10/01/1988,Missouri State,3,Northern Illinois,17, 
10/01/1988,Texas Christian,10,Arkansas,53,6.5
10/01/1988,Texas,20,Rice,13,-17.5
10/01/1988,Toledo,14,Ohio,24, 
10/01/1988,Texas Tech,15,Texas A+M,50,7.5
10/01/1988,Tulsa,35,Oklahoma State,56,17.0
10/01/1988,U.C.L.A.,24,Washington,17,-13.0
10/01/1988,Nevada-Las Vegas,6,Nebraska,48, 
10/01/1988,Utah,28,UTEP,38,12.5
10/01/1988,Washington State,52,Tennessee,24,3.0
10/01/1988,West Virginia,22,Virginia Tech,10,-22.5
10/01/1988,Yale,7,Navy,41,20.5
10/08/1988,Arkansas State,13,Akron,12, 
10/08/1988,Army,33,Yale,18,-30.0
10/08/1988,Auburn,6,Louisiana State,7,-1.0
10/08/1988,Ball State,31,Kent State,20, 
10/08/1988,California,13,Washington State,44,7.0
10/08/1988,Cincinnati,9,Penn State,35,26.5
10/08/1988,Clemson,10,Virginia,7,-13.0
10/08/1988,Central Michigan,20,Eastern Michigan,6, 
10/08/1988,Colorado State,7,Brigham Young,42,13.5
10/08/1988,East Tennessee St,0,No Carolina State,49, 
10/08/1988,Fresno State,23,Fullerton State,10, 
10/08/1988,Georgia Southern,10,Florida State,28, 
10/08/1988,Georgia Tech,8,Maryland,13,3.5
10/08/1988,Long Beach State,24,Utah State,31, 
10/08/1988,Michigan State,3,Michigan,17,12.0
10/08/1988,Memphis,17,Florida,11,22.5
10/08/1988,Mississippi,22,Alabama,12,17.0
10/08/1988,Missouri,52,Kansas State,21,-15.0
10/08/1988,Navy,24,Air Force,34,20.0
10/08/1988,North Carolina,24,Wake Forest,42,6.0
10/08/1988,Notre Dame,30,Pittsburgh,20,-6.0
10/08/1988,Nebraska,63,Kansas,10,-49.0
10/08/1988,Northern Illinois,20,Toledo,33, 
10/08/1988,Northern Iowa,17,Iowa State,20, 
10/08/1988,Northwestern,28,Minnesota,28,16.0
10/08/1988,Ohio,0,Bowling Green,42, 
10/08/1988,Ohio State,7,Indiana,41,6.5
10/08/1988,Oklahoma,28,Texas,13,-17.5
10/08/1988,Oklahoma State,41,Colorado,21,-2.5
10/08/1988,Oregon,14,Southern Cal,42,14.5
10/08/1988,Oregon State,21,U.C.L.A.,38,27.5
10/08/1988,Purdue,0,Illinois,20,6.5
10/08/1988,Rice,10,Texas Christian,21,17.5
10/08/1988,Rutgers,20,Syracuse,34,7.0
10/08/1988,South Carolina,26,Virginia Tech,24,-21.5
10/08/1988,San Jose State,12,Stanford,44, 
10/08/1988,Southern Miss,38,Tulane,13,1.0
10/08/1988,UL-Lafayette,16,Louisiana Tech,19, 
10/08/1988,Texas State,7,Baylor,45, 
10/08/1988,Texas Tech,10,Arkansas,31,13.5
10/08/1988,Tulsa,3,Louisville,9,-3.0
10/08/1988,Texas A+M,30,Houston,16,-1.0
10/08/1988,Nevada-Las Vegas,30,Pacific,16, 
10/08/1988,Utah,33,New Mexico,27,-18.0
10/08/1988,UTEP,42,Hawaii,25,6.0
10/08/1988,Vanderbilt,22,Georgia,41,16.0
10/08/1988,Washington,10,Arizona State,0,-2.5
10/08/1988,Wisconsin,6,Iowa,31,22.0
10/08/1988,Western Michigan,41,Miami-Ohio,18, 
10/08/1988,West Virginia,30,East Carolina,10,-20.5
10/08/1988,Wyoming,55,San Diego State,27,-12.5
10/15/1988,Air Force,56,Utah,49,-11.5
10/15/1988,Akron,0,Auburn,42, 
10/15/1988,Arkansas State,22,Mississippi,25, 
10/15/1988,Alabama,28,Tennessee,20,-7.0
10/15/1988,Arkansas,27,Texas,24,-6.0
10/15/1988,Arizona State,3,Stanford,24,7.5
10/15/1988,Baylor,14,Texas A+M,28,13.0
10/15/1988,Bowling Green,3,Central Michigan,21, 
10/15/1988,Colorado,21,Kansas,9,-34.0
10/15/1988,Colorado State,14,UTEP,34,10.5
10/15/1988,Duke,17,Clemson,49,63.0
10/15/1988,East Carolina,21,Florida State,45,29.5
10/15/1988,Eastern Michigan,16,Ball State,12, 
10/15/1988,Florida,9,Vanderbilt,24,-7.5
10/15/1988,Fullerton State,22,Long Beach State,24, 
10/15/1988,Hawaii,32,San Diego State,30,-5.0
10/15/1988,Iowa State,21,Missouri,3,12.0
10/15/1988,Idaho State,7,Oregon,52, 
10/15/1988,Illinois,34,Wisconsin,6,-11.0
10/15/1988,Kent State,45,Western Michigan,28, 
10/15/1988,Kansas State,24,Oklahoma,70,44.0
10/15/1988,Kentucky,12,Louisiana State,15,13.0
10/15/1988,Lafayette,17,Army,24, 
10/15/1988,Miami-Florida,30,Notre Dame,31,-3.5
10/15/1988,Miami-Ohio,21,Ohio,38, 
10/15/1988,Michigan,17,Iowa,17,-6.5
10/15/1988,Minnesota,13,Indiana,33,20.0
10/15/1988,Mississippi State,21,Southern Miss,38,-1.0
10/15/1988,No Carolina State,48,North Carolina,3,-5.0
10/15/1988,Northern Illinois,0,UL-Lafayette,45, 
10/15/1988,New Mexico,7,Wyoming,55,44.0
10/15/1988,New Mexico State,20,Nevada-Las Vegas,28, 
10/15/1988,Northwestern,3,Michigan State,36,23.5
10/15/1988,Oklahoma State,42,Nebraska,63,8.5
10/15/1988,Austin Peay,14,Toledo,38, 
10/15/1988,Purdue,31,Ohio State,26,14.0
10/15/1988,Rutgers,17,Boston College,6,6.0
10/15/1988,South Carolina,0,Georgia Tech,34,-14.0
10/15/1988,San Jose State,35,Pacific,17, 
10/15/1988,Syracuse,24,Penn State,10,3.5
10/15/1988,Texas Christian,18,Brigham Young,31,11.0
10/15/1988,Temple,7,Pittsburgh,42,20.5
10/15/1988,Texas Tech,38,Rice,36,-8.5
10/15/1988,Tulsa,28,Houston,82,13.5
10/15/1988,U.C.L.A.,38,California,21,-20.5
10/15/1988,Utah State,10,Fresno State,51, 
10/15/1988,Virginia,28,Louisville,30,-3.5
10/15/1988,Virginia Tech,41,Cincinnati,14,-4.0
10/15/1988,Washington,27,Southern Cal,28,14.0
10/15/1988,Washington State,28,Arizona,45,2.0
10/15/1988,Wake Forest,27,Maryland,24,-2.0
10/22/1988,Air Force,13,Notre Dame,41,20.0
10/22/1988,Arkansas,26,Houston,21,1.0
10/22/1988,Army,34,Rutgers,24,10.0
10/22/1988,Arizona State,31,Washington State,28,13.0
10/22/1988,Ball State,27,Central Michigan,20, 
10/22/1988,Baylor,14,Texas Christian,24,2.0
10/22/1988,Boston College,19,West Virginia,59,17.0
10/22/1988,Brigham Young,24,Hawaii,23,-7.0
10/22/1988,Cincinnati,3,Miami-Florida,57,46.0
10/22/1988,Clemson,3,No Carolina State,10,-7.5
10/22/1988,Fullerton State,24,New Mexico State,3, 
10/22/1988,Georgia,10,Kentucky,16,-9.5
10/22/1988,Georgia Tech,17,North Carolina,20,-6.0
10/22/1988,Indiana,6,Michigan,31,6.5
10/22/1988,Iowa,31,Purdue,7,-10.0
10/22/1988,Kansas,14,Iowa State,42,20.0
10/22/1988,Long Beach State,0,Akron,40, 
10/22/1988,Louisville,38,Tulane,35,0.0
10/22/1988,Louisiana Tech,3,Florida State,66, 
10/22/1988,Michigan State,28,Illinois,21,-1.5
10/22/1988,Maryland,34,Duke,24,7.5
10/22/1988,Mississippi,36,Vanderbilt,28,3.0
10/22/1988,Missouri,21,Oklahoma State,49,20.0
10/22/1988,Mississippi State,0,Auburn,33,26.5
10/22/1988,Navy,6,Pittsburgh,52,24.0
10/22/1988,Nebraska,48,Kansas State,3,-45.0
10/22/1988,Northern Illinois,10,Southern Illinois,9, 
10/22/1988,Ohio,21,Kent State,14, 
10/22/1988,Ohio State,13,Minnesota,6,-6.5
10/22/1988,Oklahoma,17,Colorado,14,-13.0
10/22/1988,Oregon State,20,Stanford,20,8.0
10/22/1988,Penn State,3,Alabama,8,4.0
10/22/1988,Rice,10,Texas A+M,24,24.0
10/22/1988,Sacramento State,30,Pacific,21, 
10/22/1988,San Diego State,7,Colorado State,13,4.0
10/22/1988,Southern Miss,27,UL-Lafayette,14,2.0
10/22/1988,Syracuse,38,East Carolina,14,-13.5
10/22/1988,Temple,14,California,31,14.0
10/22/1988,Tennessee,38,Memphis,25,2.5
10/22/1988,Toledo,20,Miami-Ohio,7, 
10/22/1988,U.C.L.A.,24,Arizona,3,-10.0
10/22/1988,Utah,18,Wyoming,61,24.0
10/22/1988,UTEP,37,New Mexico,0,-28.0
10/22/1988,Utah State,31,San Jose State,36, 
10/22/1988,Virginia,34,Wake Forest,14,5.5
10/22/1988,Washington,14,Oregon,17,2.5
10/22/1988,Wisconsin,14,Northwestern,35,1.5
10/22/1988,Western Michigan,31,Eastern Michigan,24, 
10/22/1988,Youngstown State,16,Bowling Green,20, 
10/29/1988,Arkansas State,31,Louisiana Tech,22, 
10/29/1988,Alabama,53,Mississippi State,34,-11.5
10/29/1988,Auburn,16,Florida,0,-7.0
10/29/1988,Arizona State,21,Oregon,20,11.0
10/29/1988,Ball State,18,Northern Illinois,17, 
10/29/1988,California,10,Arizona,7,10.0
10/29/1988,Clemson,38,Wake Forest,21,-11.0
10/29/1988,Central Michigan,24,Western Michigan,42, 
10/29/1988,Duke,31,Georgia Tech,21,3.0
10/29/1988,Eastern Michigan,17,Ohio,17, 
10/29/1988,Fresno State,17,San Jose State,15, 
10/29/1988,Fullerton State,14,Akron,15, 
10/29/1988,Iowa State,12,Colorado,24,13.0
10/29/1988,Illinois,27,Minnesota,27,-7.0
10/29/1988,Iowa,34,Indiana,45,2.0
10/29/1988,Kansas,14,Oklahoma,63,52.0
10/29/1988,Kent State,28,Toledo,35, 
10/29/1988,Long Beach State,31,Hawaii,34, 
10/29/1988,Louisville,21,Cincinnati,6,-10.0
10/29/1988,Maryland,41,North Carolina,38,-5.0
10/29/1988,Memphis,27,Southern Miss,34,7.0
10/29/1988,Miami-Florida,31,East Carolina,7,-31.0
10/29/1988,Miami-Ohio,21,Bowling Green,21, 
10/29/1988,Michigan,52,Northwestern,7,-28.5
10/29/1988,Mississippi,20,Louisiana State,31,12.0
10/29/1988,Missouri,18,Nebraska,26,34.0
10/29/1988,Notre Dame,22,Navy,7,-34.0
10/29/1988,New Mexico,0,Brigham Young,65,42.5
10/29/1988,Ohio State,10,Michigan State,20,8.0
10/29/1988,Oklahoma State,45,Kansas State,27,-38.0
10/29/1988,Pacific,20,Utah State,23, 
10/29/1988,Penn State,30,West Virginia,51,13.5
10/29/1988,Purdue,9,Wisconsin,6,-7.0
10/29/1988,Rice,14,Arkansas,21,23.0
10/29/1988,Southern Cal,41,Oregon State,20,-15.0
10/29/1988,South Carolina,23,No Carolina State,7,-3.0
10/29/1988,San Diego State,20,Utah,41,1.0
10/29/1988,Southern Illinois,10,Kentucky,24, 
10/29/1988,Stanford,25,Washington,28,7.0
10/29/1988,UL-Lafayette,51,Tulane,34,-2.5
10/29/1988,Texas Christian,12,Houston,40,10.5
10/29/1988,Temple,35,Rutgers,30,15.0
10/29/1988,Texas,32,Texas Tech,33,-3.0
10/29/1988,Tulsa,33,Nevada-Las Vegas,7, 
10/29/1988,UTEP,42,New Mexico State,9, 
10/29/1988,Virginia,16,Virginia Tech,10,-3.0
10/29/1988,Washington State,34,U.C.L.A.,30,19.0
10/29/1988,William + Mary,24,Georgia,59, 
10/29/1988,Wyoming,48,Colorado State,14,-17.0
11/05/1988,Air Force,15,Army,28,-1.0
11/05/1988,Arizona,16,Washington,13,7.0
11/05/1988,Arkansas,33,Baylor,3,-7.0
11/05/1988,Boston College,7,Tennessee,10,3.5
11/05/1988,Bowling Green,19,Kent State,31, 
11/05/1988,Brigham Young,15,San Diego State,27,-18.0
11/05/1988,California,3,Southern Cal,35,23.0
11/05/1988,Colorado,45,Missouri,8,-5.5
11/05/1988,Colorado State,7,Utah,46,3.5
11/05/1988,East Carolina,34,Temple,17,2.0
11/05/1988,Florida,3,Georgia,26,3.0
11/05/1988,Florida State,59,South Carolina,0,-5.0
11/05/1988,Houston,66,Texas,15,-5.0
11/05/1988,Indiana,20,Illinois,21,-5.5
11/05/1988,Kansas State,12,Kansas,30,-2.5
11/05/1988,Long Beach State,34,San Jose State,13, 
11/05/1988,Louisiana State,19,Alabama,18,1.5
11/05/1988,Louisiana Tech,17,Texas A+M,56, 
11/05/1988,Michigan State,48,Purdue,3,-13.5
11/05/1988,Maryland,10,Penn State,17,7.0
11/05/1988,Minnesota,7,Michigan,22,30.0
11/05/1988,Navy,21,Syracuse,49,27.0
11/05/1988,North Carolina,14,Clemson,37,23.0
11/05/1988,No Carolina State,14,Virginia,19,-1.5
11/05/1988,Nebraska,51,Iowa State,16,-27.5
11/05/1988,New Mexico,3,Hawaii,45,33.0
11/05/1988,New Mexico State,7,Akron,52, 
11/05/1988,Northwestern,10,Iowa,35,29.0
11/05/1988,Ohio,10,Central Michigan,42, 
11/05/1988,Oklahoma,31,Oklahoma State,28,-3.5
11/05/1988,Oregon State,24,Arizona State,30,4.0
11/05/1988,Pacific,0,Fresno State,34, 
11/05/1988,Rice,11,Notre Dame,54,32.0
11/05/1988,Rutgers,10,Pittsburgh,20,16.5
11/05/1988,Southern Miss,8,Auburn,38,20.5
11/05/1988,UL-Lafayette,3,Memphis,20,0.0
11/05/1988,Toledo,19,Eastern Michigan,20, 
11/05/1988,Texas Tech,23,Texas Christian,10,4.0
11/05/1988,Tulane,14,Mississippi,9,14.0
11/05/1988,Tulsa,3,Miami-Florida,34,37.0
11/05/1988,U.C.L.A.,16,Oregon,6,-14.0
11/05/1988,Nevada-Las Vegas,10,Utah State,17, 
11/05/1988,UTEP,6,Wyoming,51,14.5
11/05/1988,Vanderbilt,13,Kentucky,14,7.0
11/05/1988,Virginia Military,7,Georgia Tech,34, 
11/05/1988,Virginia Tech,3,Louisville,13,4.5
11/05/1988,Washington State,24,Stanford,21,1.5
11/05/1988,Wake Forest,35,Duke,16,4.0
11/05/1988,Western Illinois,6,Northern Illinois,16, 
11/05/1988,Wisconsin,12,Ohio State,34,20.5
11/05/1988,Western Michigan,16,Ball State,13, 
11/05/1988,West Virginia,51,Cincinnati,13,-38.0
11/12/1988,Ball State,25,Ohio,27, 
11/12/1988,Baylor,20,Rice,10,-3.5
11/12/1988,Brigham Young,49,Air Force,31,-5.0
11/12/1988,California,27,Washington,28,10.5
11/12/1988,Clemson,49,Maryland,25,-11.0
11/12/1988,Central Michigan,13,Toledo,20, 
11/12/1988,Colorado,0,Nebraska,7,18.5
11/12/1988,Colorado State,23,New Mexico,24,-17.0
11/12/1988,Duke,43,No Carolina State,43,6.5
11/12/1988,Eastern Michigan,28,Bowling Green,3, 
11/12/1988,Florida,24,Kentucky,19,1.0
11/12/1988,Fresno State,31,Nevada-Las Vegas,14, 
11/12/1988,Georgia,10,Auburn,20,-3.5
11/12/1988,Georgia Tech,24,Wake Forest,28,6.5
11/12/1988,Iowa State,16,Kansas State,7,-15.5
11/12/1988,Illinois,9,Michigan,38,16.0
11/12/1988,Indiana State,21,Cincinnati,40, 
11/12/1988,Kansas,24,Oklahoma State,63,39.0
11/12/1988,Kent State,17,Miami-Ohio,11, 
11/12/1988,Lamar,28,Texas Tech,59, 
11/12/1988,Long Beach State,21,New Mexico State,16, 
11/12/1988,Louisiana State,20,Mississippi State,3,-15.0
11/12/1988,Michigan State,38,Indiana,12,1.5
11/12/1988,Minnesota,7,Wisconsin,14,-7.5
11/12/1988,Navy,8,South Carolina,19,22.5
11/12/1988,Ohio State,24,Iowa,24,10.5
11/12/1988,Oklahoma,16,Missouri,7,-20.0
11/12/1988,Oregon,27,Arizona,41,3.5
11/12/1988,Oregon State,27,Washington State,36,9.5
11/12/1988,Pittsburgh,14,Penn State,7,-3.5
11/12/1988,Purdue,7,Northwestern,28,-3.5
11/12/1988,Southern Cal,50,Arizona State,0,-16.0
11/12/1988,San Diego State,7,UTEP,58,13.0
11/12/1988,San Jose State,13,Fullerton State,58, 
11/12/1988,Southern Miss,26,Louisiana Tech,19, 
11/12/1988,Stanford,17,U.C.L.A.,27,17.0
11/12/1988,UL-Lafayette,0,Alabama,17,15.5
11/12/1988,Syracuse,45,Boston College,20,-7.5
11/12/1988,Temple,37,Akron,17, 
11/12/1988,Tennessee,20,Mississippi,12,3.0
11/12/1988,Texas,30,Texas Christian,21,-1.0
11/12/1988,Tulsa,20,Memphis,26,8.0
11/12/1988,Texas A+M,20,Arkansas,25,2.0
11/12/1988,Utah,42,Utah State,21, 
11/12/1988,Vanderbilt,19,Army,24,2.5
11/12/1988,Virginia,27,North Carolina,24,-6.5
11/12/1988,Virginia Tech,14,Florida State,41,33.0
11/12/1988,Western Kentucky,17,Louisville,35, 
11/12/1988,Western Michigan,7,Northern Illinois,15, 
11/12/1988,West Virginia,35,Rutgers,25,-19.0
11/12/1988,Wyoming,10,Houston,34,-1.5
11/17/1988,Ball State,24,Indiana State,10, 
11/19/1988,Air Force,24,UTEP,31,6.5
11/19/1988,Arkansas State,38,UL-Lafayette,21, 
11/19/1988,Appalachian State,34,Wake Forest,34, 
11/19/1988,Army,24,Boston College,38,-2.5
11/19/1988,Brigham Young,28,Utah,57,-11.0
11/19/1988,Central Michigan,34,Miami-Ohio,17, 
11/19/1988,Colgate,22,Rutgers,41, 
11/19/1988,East Carolina,49,Cincinnati,14,-11.0
11/19/1988,Houston,30,Texas Tech,29,-13.0
11/19/1988,Indiana,52,Purdue,7,-16.5
11/19/1988,Iowa,31,Minnesota,22,-13.0
11/19/1988,James Madison,6,Virginia Tech,27, 
11/19/1988,Kansas State,14,Colorado,56,33.5
11/19/1988,Kentucky,24,Tennessee,28,3.0
11/19/1988,Long Beach State,3,Fresno State,31, 
11/19/1988,Louisiana Tech,23,UL-Monroe,0, 
11/19/1988,Maryland,23,Virginia,24,5.5
11/19/1988,Miami-Florida,44,Louisiana State,3,-7.0
11/19/1988,Michigan,34,Ohio State,31,-11.0
11/19/1988,Missouri,55,Kansas,17,-14.0
11/19/1988,Mississippi State,22,Tulane,27,2.5
11/19/1988,North Carolina,29,Duke,35,8.5
11/19/1988,Nebraska,7,Oklahoma,3,0.0
11/19/1988,New Mexico State,20,Pacific,21, 
11/19/1988,North Texas,33,Rice,17, 
11/19/1988,Northwestern,9,Illinois,14,17.5
11/19/1988,Ohio,16,Western Michigan,23, 
11/19/1988,Oklahoma State,49,Iowa State,28,-17.0
11/19/1988,Oregon,10,Oregon State,21,0.0
11/19/1988,Penn State,3,Notre Dame,21,17.0
11/19/1988,Pittsburgh,3,No Carolina State,14,-6.5
11/19/1988,Southern Cal,31,U.C.L.A.,22,-1.0
11/19/1988,South Carolina,10,Clemson,29,10.0
11/19/1988,San Diego State,18,New Mexico,10,-14.0
11/19/1988,San Jose State,42,Nevada-Las Vegas,0, 
11/19/1988,Stanford,19,California,19,-3.0
11/19/1988,Syracuse,9,West Virginia,31,8.0
11/19/1988,Texas Christian,0,Texas A+M,18,19.0
11/19/1988,Temple,10,Tulsa,15,6.0
11/19/1988,Texas,14,Baylor,17,0.0
11/19/1988,Utah State,13,Fullerton State,23, 
11/19/1988,Vanderbilt,9,Memphis,28,1.0
11/19/1988,Washington,31,Washington State,32,3.0
11/19/1988,Wisconsin,0,Michigan State,36,31.5
11/19/1988,Wyoming,28,Hawaii,22,-11.5
11/24/1988,Texas A+M,28,Texas,24,-7.5
11/25/1988,Alabama,10,Auburn,15,7.5
11/26/1988,Air Force,14,Hawaii,19,3.0
11/26/1988,Arkansas,16,Miami-Florida,18,17.0
11/26/1988,Arizona State,18,Arizona,28,7.5
11/26/1988,Boston College,28,Temple,45,-9.0
11/26/1988,Colorado State,28,Tulsa,32,12.5
11/26/1988,Florida,17,Florida State,52,16.5
11/26/1988,Georgia Tech,3,Georgia,24,14.5
11/26/1988,Mississippi,33,Mississippi State,6,-5.0
11/26/1988,Notre Dame,27,Southern Cal,10,4.0
11/26/1988,Rice,14,Houston,45,26.5
11/26/1988,Tennessee,14,Vanderbilt,7,-3.0
11/26/1988,Tulane,14,Louisiana State,44,20.0
11/26/1988,Nevada-Las Vegas,42,Long Beach State,41, 
12/01/1988,Alabama,30,Texas A+M,10,4.0
12/03/1988,Army,20,Navy,15,-10.0
12/03/1988,Brigham Young,17,Miami-Florida,41,24.0
12/03/1988,Oklahoma State,45,Texas Tech,42,-13.5
12/03/1988,Oregon,17,Hawaii,41,-2.5
12/03/1988,Pittsburgh,7,Syracuse,24,3.5
