Date,Visitor,Visitor Score,Home Team,Home Score,Line
09/01/1979,Colorado State,17,Arizona,33,19.0
09/01/1979,Drake,12,Indiana State,19, 
09/01/1979,Long Beach State,10,Utah,34, 
09/01/1979,Louisiana Tech,0,New Mexico,34, 
09/01/1979,McNeese State,6,Tulsa,3, 
09/01/1979,UL-Monroe,13,UL-Lafayette,17, 
09/01/1979,Northern Michigan,7,Eastern Michigan,21, 
09/01/1979,Southern Illinois,0,West Texas A+M,14, 
09/01/1979,UTEP,0,North Texas,35, 
09/01/1979,Western Carolina,6,East Carolina,31, 
09/01/1979,Wichita State,13,New Mexico State,23, 
09/08/1979,Alabama,30,Georgia Tech,6,-14.0
09/08/1979,Appalachian State,23,Wake Forest,30, 
09/08/1979,Arizona,22,Washington State,7,-7.5
09/08/1979,Ball State,3,Miami-Ohio,27, 
09/08/1979,Brigham Young,18,Texas A+M,17,13.0
09/08/1979,California,17,Arizona State,9,11.5
09/08/1979,East Carolina,20,No Carolina State,34, 
09/08/1979,Eastern Kentucky,17,Kent State,14, 
09/08/1979,Eastern Michigan,6,Bowling Green,32, 
09/08/1979,Furman,0,Clemson,21, 
09/08/1979,Holy Cross,0,Rutgers,28,8.5
09/08/1979,Houston,24,U.C.L.A.,16,0.0
09/08/1979,Idaho,10,Fresno State,30, 
09/08/1979,Illinois,16,Michigan State,33,24.0
09/08/1979,Illinois State,27,Youngstown State,33, 
09/08/1979,Indiana,30,Iowa,26,-2.5
09/08/1979,Indiana State,28,Wichita State,9, 
09/08/1979,James Madison,0,East Tennessee St,31, 
09/08/1979,Lamar,7,Baylor,20, 
09/08/1979,Memphis,14,Mississippi State,13,10.5
09/08/1979,New Mexico State,13,Drake,14, 
09/08/1979,North Texas,7,Oklahoma State,25,0.0
09/08/1979,Northwestern,7,Michigan,49,32.0
09/08/1979,Ohio,10,Minnesota,24,21.5
09/08/1979,Oregon,33,Colorado,19,7.5
09/08/1979,Oregon State,16,New Mexico,35,1.5
09/08/1979,Pacific,7,UTEP,31, 
09/08/1979,Presbyterian,21,The Citadel,13, 
09/08/1979,Rice,17,S-M-U,35,23.0
09/08/1979,Richmond,0,Virginia,31,4.0
09/08/1979,Southern Cal,21,Texas Tech,7,-11.0
09/08/1979,South Carolina,0,North Carolina,28,2.5
09/08/1979,San Diego State,15,Missouri,45,20.5
09/08/1979,S E Louisiana,3,McNeese State,10, 
09/08/1979,Southern Miss,14,Florida State,17, 
09/08/1979,Stanford,10,Tulane,33,-2.5
09/08/1979,UL-Lafayette,7,Southern Illinois,17, 
09/08/1979,Syracuse,8,Ohio State,31,13.5
09/08/1979,Texas-Arlington,6,West Texas A+M,10, 
09/08/1979,Temple,38,West Virginia,16,-3.5
09/08/1979,Toledo,14,Marshall,31, 
09/08/1979,Tulsa,24,Air Force,7,-11.0
09/08/1979,Texas A+M-Commerce,14,Arkansas State,24, 
09/08/1979,Nevada-Las Vegas,35,Fullerton State,14, 
09/08/1979,Utah,27,Hawaii,23, 
09/08/1979,Utah State,48,San Jose State,48,1.5
09/08/1979,Villanova,20,Maryland,24,20.0
09/08/1979,Virginia Tech,15,Louisville,14,4.5
09/08/1979,Western Carolina,24,Tennessee Tech,7, 
09/08/1979,Wisconsin,20,Purdue,41,19.5
09/08/1979,Western Kentucky,28,Chattanooga,41, 
09/08/1979,Western Michigan,0,Central Michigan,10, 
09/08/1979,William + Mary,3,Virginia Military,7,-4.0
09/08/1979,Wyoming,2,Washington,38,23.0
09/15/1979,Air Force,0,Wisconsin,38,19.0
09/15/1979,Arkansas State,17,UL-Monroe,18, 
09/15/1979,Appalachian State,32,Virginia Tech,41, 
09/15/1979,Stephen F Austin,21,Northwestern St(LA),27, 
09/15/1979,Arizona State,3,Florida State,31,6.5
09/15/1979,Ball State,14,Toledo,31, 
09/15/1979,Boise State,7,Long Beach State,9, 
09/15/1979,Bowling Green,10,Iowa State,38, 
09/15/1979,California,10,Arizona,7,7.5
09/15/1979,Cincinnati,6,Southern Miss,24, 
09/15/1979,The Citadel,7,Navy,26, 
09/15/1979,Colgate,15,William + Mary,28,8.5
09/15/1979,Connecticut,10,Army,26, 
09/15/1979,Colorado State,3,Arkansas,36,20.5
09/15/1979,Cal-San Luis Obispo,17,Pacific,31, 
09/15/1979,Drake,21,Temple,43, 
09/15/1979,East Carolina,14,Duke,28, 
09/15/1979,Eastern Michigan,7,Ohio,20, 
09/15/1979,East Tennessee St,14,Northern Illinois,21, 
09/15/1979,Fort Hays State,7,Illinois State,35, 
09/15/1979,Florida,10,Houston,14,10.5
09/15/1979,Fresno State,22,Montana State,20, 
09/15/1979,Holy Cross,17,New Hampshire,26, 
09/15/1979,Indiana State,17,Western Illinois,14, 
09/15/1979,Iowa,6,Oklahoma,21,29.0
09/15/1979,Kansas,0,Pittsburgh,24,19.5
09/15/1979,Kent State,13,Akron,15, 
09/15/1979,Kansas State,18,Auburn,26,14.0
09/15/1979,Lamar,58,Western Kentucky,27, 
09/15/1979,Louisville,12,Miami-Florida,24,8.0
09/15/1979,Louisiana State,44,Colorado,0,0.0
09/15/1979,Louisiana Tech,7,Chattanooga,24, 
09/15/1979,Massachusetts,7,Villanova,35, 
09/15/1979,Maryland,19,Clemson,0,3.0
09/15/1979,Miami-Ohio,15,Kentucky,14,7.0
09/15/1979,Mississippi,38,Memphis,34,-3.5
09/15/1979,Missouri,14,Illinois,6,-16.5
09/15/1979,Montana,14,Washington State,34, 
09/15/1979,Notre Dame,12,Michigan,10,6.5
09/15/1979,New Mexico,7,Texas Tech,17,16.0
09/15/1979,New Mexico State,14,UTEP,13, 
09/15/1979,Ohio State,21,Minnesota,17,-13.0
09/15/1979,Oregon,17,Michigan State,41,13.5
09/15/1979,Presbyterian,17,Furman,10, 
09/15/1979,Purdue,21,U.C.L.A.,31,-6.5
09/15/1979,Richmond,7,Virginia Military,17,-5.5
09/15/1979,Rutgers,10,Penn State,45,20.0
09/15/1979,Southern Cal,42,Oregon State,5,-23.5
09/15/1979,Southern Illinois,18,Tennessee State,16, 
09/15/1979,San Jose State,29,Stanford,45,14.5
09/15/1979,S-M-U,27,Texas Christian,7,-18.0
09/15/1979,UL-Lafayette,20,Tulsa,28, 
09/15/1979,Syracuse,24,West Virginia,14,-14.5
09/15/1979,Texas-Arlington,14,North Texas,19, 
09/15/1979,Tennessee,28,Boston College,16,-12.5
09/15/1979,Tulane,17,Rice,21,-11.0
09/15/1979,Texas A+M,7,Baylor,17,-4.0
09/15/1979,Nevada-Las Vegas,26,Nevada-Reno,21, 
09/15/1979,Utah,7,Washington,41,21.0
09/15/1979,Utah State,14,Nebraska,35,24.0
09/15/1979,Vanderbilt,13,Indiana,44,13.0
09/15/1979,Virginia,27,No Carolina State,31,13.0
09/15/1979,Western Carolina,24,Marshall,0, 
09/15/1979,Weber State,3,Brigham Young,48, 
09/15/1979,Wake Forest,22,Georgia,21,17.0
09/15/1979,Wichita State,6,Oklahoma State,16,19.5
09/15/1979,Western Michigan,7,South Carolina,24, 
09/15/1979,West Texas A+M,0,McNeese State,21, 
09/15/1979,Wyoming,22,Northwestern,27,-10.0
09/22/1979,Appalachian State,35,Western Carolina,27, 
09/22/1979,Army,17,Stanford,13,15.5
09/22/1979,Ball State,35,Kent State,10, 
09/22/1979,Baylor,0,Alabama,45,12.5
09/22/1979,Brown,12,Yale,13,0.0
09/22/1979,Bucknell,14,Rutgers,16, 
09/22/1979,Chattanooga,45,Furman,14, 
09/22/1979,Cincinnati,19,Louisville,22, 
09/22/1979,The Citadel,27,Vanderbilt,14, 
09/22/1979,Central Michigan,24,Bowling Green,0, 
09/22/1979,Connecticut,10,Navy,21, 
09/22/1979,Cornell,52,Pennsylvania,13,1.0
09/22/1979,Colorado State,0,Utah State,24, 
09/22/1979,Drake,13,Colorado,9, 
09/22/1979,Duke,0,South Carolina,35,9.0
09/22/1979,East Carolina,20,Wake Forest,23, 
09/22/1979,Eastern Kentucky,20,East Tennessee St,27, 
09/22/1979,Eastern Michigan,15,Illinois State,24, 
09/22/1979,Fullerton State,3,Boise State,22, 
09/22/1979,Georgia,7,Clemson,12,-1.5
09/22/1979,Georgia Tech,7,Florida,7,10.0
09/22/1979,Harvard,26,Columbia,7,-3.5
09/22/1979,Iowa State,9,Texas,17,18.0
09/22/1979,Illinois,27,Air Force,19,-7.0
09/22/1979,Indiana State,40,New Mexico State,23, 
09/22/1979,Kansas,7,Michigan,28,24.0
09/22/1979,Kentucky,10,Indiana,18,2.5
09/22/1979,Lehigh,3,Colgate,10, 
09/22/1979,Louisiana Tech,7,Lamar,19, 
09/22/1979,Marshall,0,Ohio,35, 
09/22/1979,Memphis,16,Wichita State,10, 
09/22/1979,Miami-Florida,23,Florida State,40,11.0
09/22/1979,Miami-Ohio,21,Michigan State,24,15.5
09/22/1979,Minnesota,14,Southern Cal,48,23.0
09/22/1979,Missouri,33,Mississippi,7,-6.0
09/22/1979,Mississippi State,14,Maryland,35,4.5
09/22/1979,No Carolina State,38,West Virginia,14,-11.5
09/22/1979,Notre Dame,22,Purdue,28,0.0
09/22/1979,Nebraska,24,Iowa,21,-18.0
09/22/1979,UL-Monroe,10,McNeese State,12, 
09/22/1979,Northern Illinois,17,Western Michigan,45, 
09/22/1979,New Mexico,3,Hawaii,20, 
09/22/1979,North Texas,9,S-M-U,20,8.5
09/22/1979,Oklahoma State,7,Arkansas,27,11.0
09/22/1979,Oregon State,16,Kansas State,22,10.0
09/22/1979,Pacific,13,Idaho,17, 
09/22/1979,Pittsburgh,7,North Carolina,17,-2.0
09/22/1979,Princeton,16,Dartmouth,0,8.5
09/22/1979,Rhode Island,6,Holy Cross,35, 
09/22/1979,Rice,3,Louisiana State,47,23.5
09/22/1979,Richmond,7,Wyoming,9, 
09/22/1979,San Diego State,32,Fresno State,23, 
09/22/1979,Southern Illinois,16,Arkansas State,24, 
09/22/1979,San Jose State,10,California,13,13.5
09/22/1979,Southern Miss,9,Auburn,31, 
09/22/1979,Syracuse,54,Northwestern,21,-14.0
09/22/1979,Texas-Arlington,37,Northwestern St(LA),14, 
09/22/1979,Temple,31,Delaware,14, 
09/22/1979,Toledo,0,Arizona State,49,22.5
09/22/1979,Texas Tech,14,Arizona,14,1.5
09/22/1979,Tulane,33,Texas Christian,19,-8.0
09/22/1979,Tulsa,13,Oklahoma,49,24.0
09/22/1979,Texas A+M,27,Penn State,14,7.5
09/22/1979,U.C.L.A.,37,Wisconsin,12,-6.5
09/22/1979,Nevada-Las Vegas,15,UTEP,17, 
09/22/1979,Utah,18,Tennessee,51, 
09/22/1979,Villanova,7,Boston College,34, 
09/22/1979,Virginia Military,0,Virginia,19, 
09/22/1979,Washington,21,Oregon,17,-8.5
09/22/1979,Washington State,29,Ohio State,45,20.5
09/22/1979,William + Mary,14,Virginia Tech,35, 
09/22/1979,West Texas A+M,10,UL-Lafayette,19, 
09/29/1979,Alabama,66,Vanderbilt,3,-34.0
09/29/1979,Appalachian State,23,The Citadel,24, 
09/29/1979,Auburn,17,Tennessee,35,4.0
09/29/1979,Arizona State,45,Oregon State,0,-6.5
09/29/1979,Boston College,14,Stanford,33,7.0
09/29/1979,Bowling Green,15,Western Michigan,3, 
09/29/1979,Colgate,21,Cornell,36,4.5
09/29/1979,Colorado,17,Indiana,16,11.0
09/29/1979,Columbia,7,Lafayette,14, 
09/29/1979,Connecticut,17,Yale,24, 
09/29/1979,Colorado State,20,Wyoming,16, 
09/29/1979,Dartmouth,10,New Hampshire,10, 
09/29/1979,Duke,12,Virginia,30,3.5
09/29/1979,Eastern Illinois,22,Southern Illinois,14, 
09/29/1979,East Tennessee St,28,Furman,24, 
09/29/1979,Florida,10,Mississippi State,24,-2.5
09/29/1979,Fresno State,14,Washington,49, 
09/29/1979,Florida State,17,Virginia Tech,10,-10.5
09/29/1979,Fullerton State,17,Pacific,7, 
09/29/1979,Iowa State,14,Iowa,30,-5.5
09/29/1979,Illinois State,0,North Dakota,20, 
09/29/1979,Indiana State,28,Akron,27, 
09/29/1979,Kent State,13,Ohio,43, 
09/29/1979,Kansas State,19,Air Force,6,-12.5
09/29/1979,Long Beach State,9,Northern Illinois,3, 
09/29/1979,Louisville,31,Drake,21, 
09/29/1979,Louisiana Tech,0,Miami-Florida,6, 
09/29/1979,Marshall,0,Chattanooga,27, 
09/29/1979,Massachusetts,20,Harvard,7, 
09/29/1979,Michigan State,3,Notre Dame,27,3.5
09/29/1979,Maryland,7,Kentucky,14,-6.5
09/29/1979,Miami-Ohio,18,Central Michigan,19, 
09/29/1979,Michigan,14,California,10,-9.5
09/29/1979,Mississippi,8,Southern Miss,38, 
09/29/1979,Navy,13,Illinois,12,-6.0
09/29/1979,North Carolina,41,Army,3,-13.5
09/29/1979,New Mexico,30,New Mexico State,16, 
09/29/1979,North Texas,18,Kansas,37,-3.0
09/29/1979,Northwestern St(LA),20,UL-Monroe,14, 
09/29/1979,Northwestern,8,Minnesota,38,24.0
09/29/1979,Ohio State,17,U.C.L.A.,13,3.0
09/29/1979,Oklahoma,63,Rice,21,-31.0
09/29/1979,Oregon,7,Purdue,13,14.5
09/29/1979,Penn State,17,Nebraska,42,4.5
09/29/1979,Pennsylvania,7,Lehigh,31, 
09/29/1979,Pittsburgh,10,Temple,9,-9.5
09/29/1979,Rhode Island,13,Brown,31, 
09/29/1979,Rutgers,38,Princeton,14,-12.0
09/29/1979,Southern Cal,17,Louisiana State,12,-10.5
09/29/1979,South Carolina,27,Georgia,20,1.5
09/29/1979,S E Louisiana,7,Ball State,17, 
09/29/1979,San Jose State,18,Arizona,38,15.0
09/29/1979,S-M-U,17,Tulane,24,-3.0
09/29/1979,UL-Lafayette,13,Arkansas State,9, 
09/29/1979,Texas-Arlington,21,Texas Christian,14, 
09/29/1979,Texas,21,Missouri,0,-1.5
09/29/1979,Toledo,37,Eastern Michigan,7, 
09/29/1979,Texas Tech,17,Baylor,27,-1.0
09/29/1979,Tulsa,8,Arkansas,33,21.0
09/29/1979,Texas A+M,17,Memphis,7,-10.0
09/29/1979,Nevada-Las Vegas,48,Hawaii,31, 
09/29/1979,UTEP,7,Brigham Young,31, 
09/29/1979,Utah State,47,Utah,21, 
09/29/1979,Villanova,13,Cincinnati,27, 
09/29/1979,Virginia Military,10,East Carolina,45, 
09/29/1979,Washington State,25,Syracuse,52,7.5
09/29/1979,Western Carolina,20,Elon,7, 
09/29/1979,Wake Forest,14,No Carolina State,17,14.0
09/29/1979,Wisconsin,17,San Diego State,24,6.5
09/29/1979,William + Mary,7,Georgia Tech,33, 
09/29/1979,West Texas A+M,10,Houston,49, 
09/29/1979,West Virginia,20,Richmond,18, 
10/05/1979,Hawaii,15,Brigham Young,38, 
10/06/1979,Air Force,9,Navy,13,24.0
10/06/1979,Arkansas State,24,Richmond,3, 
10/06/1979,Arkansas,16,Texas Christian,13,-19.5
10/06/1979,Ball State,13,Indiana State,18, 
10/06/1979,Baylor,10,Houston,13,10.0
10/06/1979,Boston College,7,Pittsburgh,28,17.0
10/06/1979,Boston University,14,Harvard,10, 
10/06/1979,Bucknell,10,Cornell,0, 
10/06/1979,California,14,Oregon,19,1.5
10/06/1979,Chattanooga,24,Appalachian State,21, 
10/06/1979,Cincinnati,14,North Carolina,35,15.0
10/06/1979,Colgate,0,Yale,27,6.5
10/06/1979,Colorado,24,Oklahoma,49,24.0
10/06/1979,Duke,17,Army,17,-6.0
10/06/1979,East Tennessee St,14,Virginia Military,24, 
10/06/1979,Florida,3,Louisiana State,20,8.0
10/06/1979,Fresno State,0,Cal-San Luis Obispo,26, 
10/06/1979,Florida State,27,Louisville,0,-12.0
10/06/1979,Fullerton State,0,San Jose State,23, 
10/06/1979,Furman,17,Wofford,27, 
10/06/1979,Georgia,24,Mississippi,21,3.0
10/06/1979,Georgia Tech,13,Notre Dame,21,17.0
10/06/1979,Holy Cross,13,Dartmouth,7,-2.5
10/06/1979,Illinois State,0,Southern Illinois,7, 
10/06/1979,Indiana,3,Wisconsin,0,-2.0
10/06/1979,Iowa,13,Illinois,7,-1.5
10/06/1979,James Madison,0,William + Mary,33, 
10/06/1979,Kent State,18,Western Michigan,13, 
10/06/1979,Kentucky,6,West Virginia,10,-7.0
10/06/1979,Long Beach State,28,Utah State,51, 
10/06/1979,McNeese State,14,Texas-Arlington,13, 
10/06/1979,Miami-Florida,13,Florida A+M,16, 
10/06/1979,Miami-Ohio,28,Marshall,0, 
10/06/1979,Michigan,21,Michigan State,7,-2.5
10/06/1979,Mississippi State,28,Tennessee,9,7.5
10/06/1979,Northern Colorado,31,Nevada-Las Vegas,35, 
10/06/1979,No Carolina State,31,Auburn,44,3.0
10/06/1979,UL-Monroe,16,Nicholls State,23, 
10/06/1979,New Hampshire,3,Connecticut,3, 
10/06/1979,Northern Illinois,0,Eastern Michigan,0, 
10/06/1979,New Mexico State,0,Nebraska,57, 
10/06/1979,North Texas,10,Southern Miss,30, 
10/06/1979,Northwestern,7,Ohio State,16,40.0
10/06/1979,Ohio,0,Central Michigan,26, 
10/06/1979,Oklahoma State,16,South Carolina,23,8.0
10/06/1979,Oregon State,0,Washington,41,25.0
10/06/1979,Pacific,24,Iowa State,7, 
10/06/1979,Penn State,27,Maryland,7,-3.0
10/06/1979,Pennsylvania,7,Columbia,12,3.0
10/06/1979,Princeton,12,Brown,31,7.5
10/06/1979,Purdue,14,Minnesota,31,-8.5
10/06/1979,Rice,9,Texas,26,35.0
10/06/1979,San Diego State,35,New Mexico,7, 
10/06/1979,UL-Lafayette,0,Louisiana Tech,17, 
10/06/1979,Syracuse,45,Kansas,27,-6.0
10/06/1979,Temple,41,Rutgers,20,-4.5
10/06/1979,Toledo,23,Bowling Green,17, 
10/06/1979,Truman State,6,Drake,41, 
10/06/1979,Tulsa,9,Kansas State,6,9.0
10/06/1979,Texas A+M,20,Texas Tech,21,-2.5
10/06/1979,U.C.L.A.,24,Stanford,27,-3.5
10/06/1979,Utah,21,Colorado State,16, 
10/06/1979,UTEP,3,Wyoming,23, 
10/06/1979,Vanderbilt,14,Tulane,42,21.5
10/06/1979,Virginia,7,Clemson,17,6.5
10/06/1979,Washington State,21,Southern Cal,50,35.0
10/06/1979,Western Carolina,19,The Citadel,21, 
10/06/1979,Wake Forest,19,Virginia Tech,14,3.5
10/06/1979,Wichita State,0,Alabama,38,46.0
10/06/1979,West Texas A+M,12,Lamar,12, 
10/06/1979,Youngstown State,27,Villanova,22, 
10/13/1979,Akron,24,Eastern Michigan,12, 
10/13/1979,Arkansas State,14,Louisiana Tech,7, 
10/13/1979,Alabama,40,Florida,0,-18.0
10/13/1979,Arkansas,20,Texas Tech,6,-3.5
10/13/1979,Army,3,Penn State,24,24.0
10/13/1979,Baylor,24,S-M-U,21,-1.0
10/13/1979,Bowling Green,28,Kent State,17, 
10/13/1979,Brown,24,Pennsylvania,18,-17.0
10/13/1979,Brigham Young,48,Utah State,24, 
10/13/1979,Chattanooga,0,East Tennessee St,35, 
10/13/1979,Cincinnati,0,Pittsburgh,35,17.0
10/13/1979,The Citadel,7,East Carolina,49, 
10/13/1979,Clemson,21,Virginia Tech,0,-3.5
10/13/1979,Colgate,17,Holy Cross,16,8.0
10/13/1979,Columbia,7,Princeton,35,9.0
10/13/1979,Colorado State,17,UTEP,3, 
10/13/1979,Dartmouth,0,Yale,3,8.0
10/13/1979,Delaware,21,Villanova,20, 
10/13/1979,Duke,34,Richmond,7,-6.5
10/13/1979,Eastern Kentucky,33,Fullerton State,7, 
10/13/1979,Georgia Tech,0,Tennessee,31,8.0
10/13/1979,Harvard,14,Cornell,41,6.0
10/13/1979,Houston,17,Texas A+M,14,0.0
10/13/1979,Iowa State,7,Kansas State,3,1.0
10/13/1979,Illinois,14,Purdue,28,18.0
10/13/1979,Illinois State,14,Ball State,42, 
10/13/1979,Indiana,6,Ohio State,47,14.0
10/13/1979,Indiana State,17,West Texas A+M,33, 
10/13/1979,Iowa,58,Northwestern,6,-15.0
10/13/1979,James Madison,9,Virginia,69, 
10/13/1979,Kansas,0,Nebraska,42,29.0
10/13/1979,Long Beach State,17,Drake,14, 
10/13/1979,Louisiana State,14,Georgia,21,-5.5
10/13/1979,Marshall,24,Furman,34, 
10/13/1979,McNeese State,34,Lamar,25, 
10/13/1979,Michigan State,29,Wisconsin,38,-9.5
10/13/1979,Maryland,0,No Carolina State,7,3.5
10/13/1979,Miami-Florida,20,San Diego State,31,1.0
10/13/1979,Minnesota,21,Michigan,31,16.0
10/13/1979,Mississippi,3,Kentucky,14,1.5
10/13/1979,Mississippi State,6,Florida State,17,11.0
10/13/1979,Navy,24,William + Mary,7,-17.5
10/13/1979,Notre Dame,38,Air Force,13,-26.0
10/13/1979,UL-Monroe,21,Memphis,20, 
10/13/1979,Northern Illinois,11,Central Michigan,31, 
10/13/1979,New Mexico,20,Nevada-Las Vegas,28, 
10/13/1979,New Mexico State,7,North Texas,21, 
10/13/1979,Ohio,9,Miami-Ohio,7,21.0
10/13/1979,Oklahoma,7,Texas,16,1.5
10/13/1979,Oklahoma State,14,Missouri,13,13.5
10/13/1979,Oregon,13,Arizona,24,5.0
10/13/1979,Oregon State,0,California,45,17.5
10/13/1979,Pacific,10,UL-Lafayette,7, 
10/13/1979,Rutgers,26,Connecticut,14,-15.5
10/13/1979,Santa Clara,3,Hawaii,52, 
10/13/1979,S E Louisiana,33,Northwestern St(LA),7, 
10/13/1979,San Jose State,35,Fresno State,22, 
10/13/1979,Stanford,21,Southern Cal,21,21.5
10/13/1979,Syracuse,17,Temple,49,3.5
10/13/1979,Texas Christian,17,Rice,7,4.0
10/13/1979,Tulane,20,Southern Miss,19, 
10/13/1979,Tulsa,7,Louisville,24,4.5
10/13/1979,U.C.L.A.,14,Washington State,17,-17.0
10/13/1979,Vanderbilt,35,Auburn,52,34.0
10/13/1979,Virginia Military,27,Appalachian State,22, 
10/13/1979,Washington,7,Arizona State,12,-5.5
10/13/1979,Wake Forest,24,North Carolina,19,11.5
10/13/1979,Wichita State,7,Southern Illinois,31, 
10/13/1979,Western Michigan,0,Toledo,17, 
10/13/1979,Wofford,21,Western Carolina,56, 
10/13/1979,West Virginia,20,Boston College,18,7.0
10/13/1979,Wyoming,14,Utah,24, 
10/19/1979,Lafayette,9,Pennsylvania,7, 
10/20/1979,Air Force,9,Oregon,17,20.5
10/20/1979,Arkansas State,7,McNeese State,10, 
10/20/1979,Appalachian State,17,Furman,31, 
10/20/1979,Auburn,38,Georgia Tech,14,-2.5
10/20/1979,Baylor,55,Army,0,-13.0
10/20/1979,Boston College,8,Miami-Florida,19,10.5
10/20/1979,Brigham Young,54,Wyoming,14,-12.0
10/20/1979,California,27,U.C.L.A.,28,4.5
10/20/1979,Cincinnati,14,Temple,35, 
10/20/1979,The Citadel,37,Virginia Military,6, 
10/20/1979,Clemson,28,Duke,10,-10.0
10/20/1979,Central Michigan,31,Ball State,30, 
10/20/1979,Colgate,17,Princeton,6,4.5
10/20/1979,Connecticut,19,Maine,7, 
10/20/1979,Cornell,7,Brown,28,6.0
10/20/1979,Dartmouth,10,Harvard,7,1.0
10/20/1979,Drake,17,Wichita State,24, 
10/20/1979,Fresno State,14,Long Beach State,24, 
10/20/1979,Fullerton State,17,UL-Monroe,28, 
10/20/1979,Georgia,31,Vanderbilt,10,-19.0
10/20/1979,Grand Valley State,0,Western Michigan,37, 
10/20/1979,Holy Cross,14,Villanova,29, 
10/20/1979,Kansas,24,Iowa State,7,9.0
10/20/1979,Kent State,10,Eastern Michigan,14, 
10/20/1979,Kentucky,19,Louisiana State,23,16.0
10/20/1979,Lenoir-Rhyne,6,Western Carolina,42, 
10/20/1979,Louisville,34,Indiana State,10, 
10/20/1979,Marshall,0,Mississippi State,48, 
10/20/1979,Maryland,17,Wake Forest,25,1.5
10/20/1979,Memphis,0,Southern Miss,22, 
10/20/1979,Miami-Ohio,21,Bowling Green,3, 
10/20/1979,Michigan,27,Illinois,7,-16.0
10/20/1979,Minnesota,24,Iowa,7,2.5
10/20/1979,Mississippi,14,South Carolina,21,12.0
10/20/1979,Missouri,13,Colorado,7,-7.5
10/20/1979,Middle Tennessee,15,Chattanooga,59, 
10/20/1979,North Carolina,35,No Carolina State,21,-1.0
10/20/1979,Nebraska,36,Oklahoma State,0,-14.5
10/20/1979,Northern Illinois,33,Illinois State,7, 
10/20/1979,Northwestern St(LA),25,Louisiana Tech,21, 
10/20/1979,Northwestern,0,Indiana,30,22.5
10/20/1979,Ohio,13,Toledo,21, 
10/20/1979,Oklahoma,38,Kansas State,6,-21.0
10/20/1979,Penn State,35,Syracuse,7,-8.5
10/20/1979,Pittsburgh,26,Washington,14,5.5
10/20/1979,Purdue,14,Michigan State,7,-2.5
10/20/1979,Prairie View,0,Hawaii,65, 
10/20/1979,Rice,7,Texas Tech,30,21.0
10/20/1979,Richmond,0,Virginia Tech,34,17.0
10/20/1979,Rutgers,24,William + Mary,0,-6.5
10/20/1979,Southern Cal,42,Notre Dame,23,-6.0
10/20/1979,San Diego State,3,Colorado State,37,-8.5
10/20/1979,S E Louisiana,3,East Tennessee St,31, 
10/20/1979,San Jose State,24,Oregon State,14,-3.5
10/20/1979,S-M-U,10,Houston,37,11.5
10/20/1979,Stanford,30,Arizona,10,5.5
10/20/1979,UL-Lafayette,17,Lamar,21, 
10/20/1979,Texas-Arlington,42,New Mexico State,14, 
10/20/1979,Texas Christian,24,Tulsa,17,5.5
10/20/1979,Tennessee,17,Alabama,27,19.5
10/20/1979,Texas,14,Arkansas,17,-4.5
10/20/1979,Tulane,17,West Virginia,27,-7.0
10/20/1979,Utah,41,Nevada-Las Vegas,43, 
10/20/1979,UTEP,0,New Mexico,20, 
10/20/1979,Utah State,15,Pacific,14, 
10/20/1979,Virginia,10,Navy,17,2.5
10/20/1979,Washington State,17,Arizona State,28,19.0
10/20/1979,Wisconsin,0,Ohio State,59,20.0
10/20/1979,West Texas A+M,14,North Texas,28, 
10/20/1979,Yale,37,Columbia,7,-13.5
10/27/1979,Air Force,6,Colorado State,20,8.0
10/27/1979,Appalachian State,24,East Tennessee St,10, 
10/27/1979,Auburn,38,Wake Forest,42,-3.0
10/27/1979,Boston College,29,Army,16,-2.5
10/27/1979,Bowling Green,23,Ball State,38, 
10/27/1979,Brown,7,Holy Cross,14,-2.5
10/27/1979,Central Michigan,44,Kent State,21, 
10/27/1979,Colgate,24,Columbia,14,-13.5
10/27/1979,Colorado,10,Nebraska,38,25.0
10/27/1979,Cornell,21,Dartmouth,10,-2.0
10/27/1979,Cal Poly-Pomona,9,UL-Lafayette,31, 
10/27/1979,East Carolina,24,North Carolina,24, 
10/27/1979,Fresno State,33,Pacific,10, 
10/27/1979,Florida State,24,Louisiana State,19,1.5
10/27/1979,Furman,20,Virginia Military,21, 
10/27/1979,Georgia Tech,7,Tulane,12,4.5
10/27/1979,Hawaii,27,UTEP,12, 
10/27/1979,Houston,13,Arkansas,10,3.0
10/27/1979,Iowa State,9,Oklahoma,38,24.5
10/27/1979,Illinois,17,Minnesota,17,14.0
10/27/1979,Illinois State,21,Indiana State,23, 
10/27/1979,Indiana,21,Michigan,27,21.0
10/27/1979,Iowa,24,Wisconsin,13,-2.0
10/27/1979,Kansas State,19,Missouri,3,20.5
10/27/1979,Kentucky,6,Georgia,20,7.5
10/27/1979,Lamar,20,Arkansas State,10, 
10/27/1979,Long Beach State,42,San Jose State,53, 
10/27/1979,Massachusetts,0,Connecticut,24, 
10/27/1979,McNeese State,24,Chattanooga,17, 
10/27/1979,Michigan State,0,Ohio State,42,13.5
10/27/1979,Maryland,27,Duke,0,-6.0
10/27/1979,Miami-Florida,15,Syracuse,25,4.0
10/27/1979,Navy,7,Pittsburgh,24,13.0
10/27/1979,No Carolina State,16,Clemson,13,6.0
10/27/1979,UL-Monroe,0,S E Louisiana,13, 
10/27/1979,Nicholls State,27,Northwestern St(LA),24, 
10/27/1979,New Mexico,7,Brigham Young,59,17.5
10/27/1979,Northern Michigan,30,Drake,26, 
10/27/1979,Northridge State,3,Fullerton State,49, 
10/27/1979,North Texas,0,Memphis,22,6.5
10/27/1979,Northwestern,16,Purdue,20,34.0
10/27/1979,Oklahoma State,30,Kansas,17,-1.5
10/27/1979,Oregon,37,Washington State,26,-7.0
10/27/1979,Pennsylvania,6,Yale,24,20.5
10/27/1979,Princeton,9,Harvard,7,1.5
10/27/1979,Richmond,14,Cincinnati,17, 
10/27/1979,Southern Cal,24,California,14,-14.5
10/27/1979,South Carolina,17,Notre Dame,18,11.5
10/27/1979,San Diego State,17,Utah,13, 
10/27/1979,Southern Illinois,21,Northern Illinois,11, 
10/27/1979,Southern Miss,21,Mississippi State,7, 
10/27/1979,Stanford,31,Oregon State,33,-20.5
10/27/1979,Texas-Arlington,30,Louisiana Tech,16, 
10/27/1979,Texas Christian,3,Baylor,16,18.0
10/27/1979,Texas,30,S-M-U,6,-17.0
10/27/1979,Toledo,24,Miami-Ohio,21,13.0
10/27/1979,Tulsa,20,Florida,10,12.5
10/27/1979,Texas A+M,41,Rice,15,-20.0
10/27/1979,Nevada-Las Vegas,28,Wyoming,24, 
10/27/1979,Utah State,14,Arizona State,28,12.5
10/27/1979,Vanderbilt,28,Mississippi,63,20.0
10/27/1979,Villanova,24,Marshall,14, 
10/27/1979,Virginia Tech,7,Alabama,31,32.0
10/27/1979,Washington,34,U.C.L.A.,14,-1.0
10/27/1979,Western Michigan,20,Ohio,6, 
10/27/1979,William + Mary,0,Delaware,40, 
10/27/1979,Wofford,30,The Citadel,49, 
10/27/1979,West Texas A+M,58,Wichita State,0, 
10/27/1979,West Virginia,6,Penn State,31,22.0
11/03/1979,Appalachian State,21,East Carolina,38, 
11/03/1979,Arizona,7,Southern Cal,34,21.0
11/03/1979,Arkansas,34,Rice,7,-20.5
11/03/1979,Army,7,Air Force,28,1.0
11/03/1979,Arizona State,21,Stanford,28,3.5
11/03/1979,Boston University,16,Holy Cross,7, 
11/03/1979,Bowling Green,14,Kentucky,20, 
11/03/1979,Brigham Young,30,Colorado State,7,-12.0
11/03/1979,Chattanooga,42,Western Carolina,35, 
11/03/1979,The Citadel,17,Marshall,16, 
11/03/1979,Central Michigan,7,Toledo,7, 
11/03/1979,Colgate,7,Lafayette,7, 
11/03/1979,Colorado,10,Iowa State,24,1.0
11/03/1979,Connecticut,13,Virginia Military,13, 
11/03/1979,Dartmouth,17,Columbia,0,-9.5
11/03/1979,Duke,14,Georgia Tech,24,13.0
11/03/1979,Eastern Michigan,10,Ball State,28, 
11/03/1979,East Tennessee St,27,North Alabama,7, 
11/03/1979,Florida,13,Auburn,19,13.5
11/03/1979,Florida State,26,Cincinnati,21,-17.5
11/03/1979,Fullerton State,7,Utah State,35, 
11/03/1979,Furman,63,Davidson,55, 
11/03/1979,Harvard,14,Brown,23,14.0
11/03/1979,Houston,21,Texas Christian,10,-16.0
11/03/1979,Indiana State,38,Southern Illinois,41, 
11/03/1979,Kent State,0,Northern Illinois,25, 
11/03/1979,Kansas State,28,Kansas,36,-1.0
11/03/1979,Lamar,21,UL-Monroe,7, 
11/03/1979,Louisiana State,28,Mississippi,24,-7.0
11/03/1979,Michigan State,42,Northwestern,7,-19.5
11/03/1979,Memphis,3,Vanderbilt,13,-14.5
11/03/1979,Miami-Florida,26,Penn State,10,19.5
11/03/1979,Miami-Ohio,3,Western Michigan,24, 
11/03/1979,Minnesota,24,Indiana,42,1.0
11/03/1979,Mississippi State,7,Alabama,24,23.0
11/03/1979,Navy,0,Notre Dame,14,17.0
11/03/1979,North Carolina,14,Maryland,17,-5.5
11/03/1979,No Carolina State,28,South Carolina,30,5.0
11/03/1979,Nebraska,23,Missouri,20,-14.5
11/03/1979,North Texas,19,Louisiana Tech,17, 
11/03/1979,Northwestern St(LA),13,McNeese State,44, 
11/03/1979,Ohio State,44,Illinois,7,-20.0
11/03/1979,Oklahoma,38,Oklahoma State,7,-19.5
11/03/1979,Pacific,15,Long Beach State,17, 
11/03/1979,Princeton,38,Pennsylvania,10,-8.0
11/03/1979,Purdue,20,Iowa,14,-6.0
11/03/1979,Rutgers,13,Tennessee,7,19.5
11/03/1979,Southern Miss,10,Louisville,10, 
11/03/1979,S-M-U,14,Texas A+M,47,14.0
11/03/1979,Syracuse,21,Pittsburgh,28,13.5
11/03/1979,Texas-Arlington,56,Arkansas State,18, 
11/03/1979,Temple,34,Hawaii,31, 
11/03/1979,Texas Tech,6,Texas,14,14.0
11/03/1979,Tulane,41,Boston College,8,-5.0
11/03/1979,Nevada-Las Vegas,31,Fresno State,28, 
11/03/1979,Utah,26,New Mexico,7, 
11/03/1979,Villanova,9,Richmond,3, 
11/03/1979,Virginia,31,Georgia,0,8.5
11/03/1979,Virginia Tech,23,West Virginia,34,3.0
11/03/1979,Washington,28,California,24,-3.5
11/03/1979,Washington State,45,Oregon State,42,-5.0
11/03/1979,Wake Forest,0,Clemson,31,6.0
11/03/1979,Wichita State,26,Tulsa,28,13.0
11/03/1979,Western Illinois,7,Illinois State,35, 
11/03/1979,Wisconsin,0,Michigan,54,22.5
11/03/1979,West Texas A+M,54,New Mexico State,21, 
11/03/1979,Wyoming,21,San Diego State,31, 
11/03/1979,Yale,23,Cornell,20,-1.0
11/09/1979,Brigham Young,31,Long Beach State,17,-24.0
11/10/1979,Air Force,0,Georgia Tech,21,13.0
11/10/1979,Akron,6,Temple,42, 
11/10/1979,Arkansas State,14,Wyoming,17, 
11/10/1979,Alabama,3,Louisiana State,0,-13.0
11/10/1979,Arizona,10,San Diego State,42,-3.5
11/10/1979,Army,0,Rutgers,20,13.5
11/10/1979,Arizona State,28,U.C.L.A.,31,2.0
11/10/1979,Ball State,10,Western Michigan,20, 
11/10/1979,Baylor,20,Arkansas,29,7.5
11/10/1979,Brown,10,Dartmouth,24,-6.0
11/10/1979,Bucknell,2,Colgate,20, 
11/10/1979,California,45,Washington State,13,-7.0
11/10/1979,The Citadel,7,Chattanooga,28, 
11/10/1979,Clemson,19,North Carolina,10,2.5
11/10/1979,Columbia,7,Cornell,24,21.0
11/10/1979,Connecticut,12,Boston University,16, 
11/10/1979,Duke,14,Wake Forest,17,14.0
11/10/1979,Eastern Illinois,24,Illinois State,0, 
11/10/1979,Eastern Michigan,14,Central Michigan,37, 
11/10/1979,Florida,10,Georgia,33,6.0
11/10/1979,Fresno State,28,Fullerton State,24, 
11/10/1979,Holy Cross,20,Massachusetts,18, 
11/10/1979,Indiana,45,Illinois,14,-5.0
11/10/1979,Iowa,7,Ohio State,34,20.5
11/10/1979,Kansas,0,Oklahoma,38,28.0
11/10/1979,Kentucky,29,Vanderbilt,10,-13.5
11/10/1979,Louisville,6,Memphis,10,0.0
11/10/1979,Louisiana Tech,7,McNeese State,41, 
11/10/1979,Miami-Ohio,35,Kent State,8, 
11/10/1979,Michigan,21,Purdue,24,-6.0
11/10/1979,Minnesota,17,Michigan State,31,5.0
11/10/1979,Mississippi,15,Tulane,49,6.5
11/10/1979,Missouri,18,Iowa State,9,-6.0
11/10/1979,Mississippi State,3,Auburn,14,6.0
11/10/1979,Middle Tennessee,14,East Tennessee St,52, 
11/10/1979,Notre Dame,18,Tennessee,40,-3.5
11/10/1979,Nebraska,21,Kansas State,12,-24.5
11/10/1979,UL-Monroe,21,Indiana State,38, 
11/10/1979,New Mexico,24,Colorado State,9,7.5
11/10/1979,New Mexico State,16,Tulsa,38, 
11/10/1979,Northwestern St(LA),13,Lamar,28, 
11/10/1979,Northwestern,3,Wisconsin,28,18.0
11/10/1979,Ohio,27,Cincinnati,7, 
11/10/1979,Oklahoma State,21,Colorado,20,-1.0
11/10/1979,Oregon,16,Stanford,7,6.5
11/10/1979,Pacific,31,San Jose State,32, 
11/10/1979,Penn State,9,No Carolina State,7,-1.5
11/10/1979,Pennsylvania,26,Harvard,41,13.0
11/10/1979,Pittsburgh,24,West Virginia,17,-11.0
11/10/1979,Richmond,10,East Carolina,52, 
11/10/1979,Southern Cal,24,Washington,17,-11.0
11/10/1979,South Carolina,7,Florida State,27,7.0
11/10/1979,Southern Illinois,22,Drake,21, 
11/10/1979,Southern Miss,27,Bowling Green,31, 
11/10/1979,S-M-U,34,Wichita State,0, 
11/10/1979,Syracuse,30,Navy,14,-2.0
11/10/1979,Texas-Arlington,24,UL-Lafayette,10, 
11/10/1979,Texas Christian,3,Texas Tech,3,11.0
11/10/1979,Texas,21,Houston,13,2.0
11/10/1979,Toledo,10,Northern Illinois,28, 
11/10/1979,Nevada-Las Vegas,36,Tennessee State,28, 
11/10/1979,UTEP,0,Utah,35, 
11/10/1979,Virginia Military,13,Marshall,3, 
11/10/1979,Virginia Tech,18,Virginia,20,8.0
11/10/1979,Western Carolina,14,Furman,23, 
11/10/1979,William + Mary,9,Appalachian State,0, 
11/10/1979,Yale,35,Princeton,10,-6.0
11/16/1979,Santa Clara,14,San Jose State,23, 
11/17/1979,Arkansas State,6,Southern Miss,14, 
11/17/1979,Arkansas,22,Texas A+M,10,0.0
11/17/1979,Auburn,33,Georgia,13,2.0
11/17/1979,Boston College,27,Syracuse,10,14.5
11/17/1979,Bowling Green,21,Ohio,48, 
11/17/1979,California,21,Stanford,14,-2.5
11/17/1979,Chattanooga,42,Illinois State,31, 
11/17/1979,Cincinnati,14,Miami-Ohio,27,6.5
11/17/1979,Clemson,16,Notre Dame,10,5.5
11/17/1979,Central Michigan,28,Northwestern St(LA),0, 
11/17/1979,Colorado,31,Kansas,17,2.5
11/17/1979,Columbia,14,Brown,31,20.5
11/17/1979,Connecticut,10,Rhode Island,9, 
11/17/1979,Cornell,14,Princeton,26,-4.0
11/17/1979,Colorado State,21,Nevada-Las Vegas,21, 
11/17/1979,Dartmouth,20,Pennsylvania,6,-11.5
11/17/1979,Delaware,24,Colgate,16, 
11/17/1979,Drake,18,West Texas A+M,28, 
11/17/1979,East Tennessee St,9,Western Carolina,13, 
11/17/1979,Fullerton State,42,Idaho State,7, 
11/17/1979,Furman,45,The Citadel,44, 
11/17/1979,Harvard,22,Yale,7,13.5
11/17/1979,Iowa State,3,Nebraska,34,27.0
11/17/1979,Illinois,29,Northwestern,13,-15.0
11/17/1979,Kent State,3,Toledo,29, 
11/17/1979,Kansas State,15,Oklahoma State,42,6.5
11/17/1979,Kentucky,31,Florida,3,-2.0
11/17/1979,Lamar,37,Texas-Arlington,47, 
11/17/1979,Long Beach State,16,Wichita State,10, 
11/17/1979,Louisville,7,Maryland,28,7.5
11/17/1979,Marshall,7,Appalachian State,45, 
11/17/1979,McNeese State,10,UL-Lafayette,6, 
11/17/1979,Michigan State,23,Iowa,33,-1.0
11/17/1979,Memphis,17,Florida State,66,22.5
11/17/1979,Miami-Florida,0,Alabama,30,23.5
11/17/1979,Mississippi State,3,Louisiana State,21,7.0
11/17/1979,Navy,14,Georgia Tech,24,7.0
11/17/1979,North Carolina,13,Virginia,7,-3.0
11/17/1979,No Carolina State,28,Duke,7,-12.0
11/17/1979,UL-Monroe,10,Louisiana Tech,13, 
11/17/1979,Northern Illinois,0,Ball State,42, 
11/17/1979,New Mexico State,28,Southern Illinois,45, 
11/17/1979,North Texas,16,East Carolina,49, 
11/17/1979,Ohio State,18,Michigan,15,-4.5
11/17/1979,Oklahoma,24,Missouri,22,-12.5
11/17/1979,Oregon State,18,Arizona,42,19.5
11/17/1979,Pittsburgh,40,Army,0,-24.0
11/17/1979,Purdue,37,Indiana,21,-3.0
11/17/1979,Rice,14,Baylor,45,24.0
11/17/1979,Richmond,10,William + Mary,24, 
11/17/1979,Texas Christian,10,Texas,35,22.0
11/17/1979,Temple,7,Penn State,22,4.5
11/17/1979,Tennessee,20,Mississippi,44,-7.0
11/17/1979,Texas Tech,10,S-M-U,35,-1.0
11/17/1979,U.C.L.A.,35,Oregon,0,3.5
11/17/1979,Utah,0,Brigham Young,27,7.0
11/17/1979,UTEP,20,San Diego State,42, 
11/17/1979,Utah State,34,Weber State,10, 
11/17/1979,Vanderbilt,29,Air Force,30,8.0
11/17/1979,Villanova,32,Rutgers,17,9.5
11/17/1979,Virginia Military,20,Virginia Tech,27,19.0
11/17/1979,Washington State,7,Washington,17,20.5
11/17/1979,Wake Forest,14,South Carolina,35,7.0
11/17/1979,Wisconsin,42,Minnesota,37,10.0
11/17/1979,Western Michigan,17,Eastern Michigan,7, 
11/17/1979,West Virginia,7,Arizona State,42,10.5
11/17/1979,Wyoming,21,Hawaii,13, 
11/24/1979,Arizona,27,Arizona State,24,5.0
11/24/1979,Baylor,0,Texas,13,11.0
11/24/1979,Brigham Young,63,San Diego State,14,-4.5
11/24/1979,Cincinnati,17,Memphis,23,5.5
11/24/1979,Clemson,9,South Carolina,13,-1.0
11/24/1979,Central Michigan,34,San Jose State,32, 
11/24/1979,Colorado State,10,Hawaii,24, 
11/24/1979,East Carolina,38,William + Mary,14, 
11/24/1979,Florida State,27,Florida,16,-20.0
11/24/1979,Fullerton State,13,Long Beach State,16, 
11/24/1979,Georgia,16,Georgia Tech,3,3.0
11/24/1979,Idaho State,0,Texas-Arlington,48, 
11/24/1979,Kansas State,6,Colorado,21,6.5
11/24/1979,Lamar,24,Nevada-Las Vegas,24, 
11/24/1979,Louisiana State,13,Tulane,24,0.0
11/24/1979,Massachusetts,3,Boston College,41, 
11/24/1979,Miami-Florida,15,Notre Dame,40,10.0
11/24/1979,Mississippi,14,Mississippi State,9,3.5
11/24/1979,Missouri,55,Kansas,7,-10.0
11/24/1979,North Carolina,37,Duke,16,-13.5
11/24/1979,Nebraska,14,Oklahoma,17,0.0
11/24/1979,Ohio,27,Northern Illinois,28, 
11/24/1979,Oklahoma State,13,Iowa State,10,-3.0
11/24/1979,Penn State,14,Pittsburgh,29,0.0
11/24/1979,S-M-U,7,Arkansas,31,14.0
11/24/1979,Temple,42,Villanova,10, 
11/24/1979,Tennessee,20,Kentucky,17,2.0
11/24/1979,Texas Tech,10,Houston,14,17.0
11/24/1979,Texas A+M,30,Texas Christian,7,-9.0
11/24/1979,U.C.L.A.,14,Southern Cal,49,15.0
11/24/1979,Utah State,41,Fresno State,31, 
11/24/1979,Virginia,7,Maryland,17,5.5
11/24/1979,Wyoming,3,New Mexico,17, 
11/25/1979,Rutgers,31,Louisville,7,3.5
11/27/1979,Holy Cross,28,Connecticut,12, 
11/29/1979,Oregon State,3,Oregon,24,15.0
12/01/1979,Alabama,25,Auburn,18,-14.5
12/01/1979,Army,7,Navy,31,17.5
12/01/1979,Arizona State,17,Hawaii,29, 
12/01/1979,Boston College,13,Holy Cross,10,-11.5
12/01/1979,Florida,24,Miami-Florida,30,7.5
12/01/1979,Houston,63,Rice,0,-27.0
12/01/1979,Texas,7,Texas A+M,13,-6.5
12/01/1979,Vanderbilt,10,Tennessee,31,27.0
