Date,Visitor,Visitor Score,Home Team,Home Score,Line
08/27/1984,Auburn,18,Miami-Florida,20,-3.0
09/01/1984,Akron,17,Kent State,24, 
09/01/1984,Arkansas State,2,Memphis,17, 
09/01/1984,Appalachian State,7,Clemson,40, 
09/01/1984,Ball State,10,Massachusetts,26, 
09/01/1984,Brigham Young,20,Pittsburgh,14,9.0
09/01/1984,East Carolina,17,Florida State,48,13.5
09/01/1984,Eastern Michigan,7,Youngstown State,31, 
09/01/1984,Florida,20,Miami-Florida,32,5.5
09/01/1984,Fresno State,27,Arizona,22, 
09/01/1984,Fullerton State,27,Boise State,25, 
09/01/1984,Lincoln,0,Illinois State,54, 
09/01/1984,Mississippi State,30,Tulane,3,2.5
09/01/1984,Murray State,26,Louisville,23, 
09/01/1984,New Mexico State,0,San Jose State,14, 
09/01/1984,Northern Michigan,22,Central Michigan,45, 
09/01/1984,Northwestern,16,Illinois,24,29.0
09/01/1984,Ohio,0,West Virginia,38, 
09/01/1984,South Dakota,13,Wyoming,31, 
09/01/1984,San Diego State,16,Air Force,34,17.5
09/01/1984,Southern Illinois,10,Tulsa,23, 
09/01/1984,UL-Lafayette,7,Chattanooga,9, 
09/01/1984,Missouri State,17,Drake,12, 
09/01/1984,Texas State,38,Wichita State,31, 
09/01/1984,UTEP,17,Texas A+M,20, 
09/01/1984,Washington State,27,Tennessee,34,4.0
09/01/1984,Wayne State,6,Indiana State,42, 
09/01/1984,Western Carolina,24,Boston College,44, 
09/01/1984,Weber State,16,Utah,52, 
09/01/1984,West Texas A+M,33,Northern Illinois,40, 
09/08/1984,Akron,27,Cincinnati,28, 
09/08/1984,Baylor,13,Brigham Young,47,6.0
09/08/1984,Boston College,38,Alabama,31,5.5
09/08/1984,California,13,Arizona,23,4.0
09/08/1984,The Citadel,24,South Carolina,31, 
09/08/1984,Clemson,55,Virginia,0,-14.0
09/08/1984,Colorado State,9,Mississippi State,14, 
09/08/1984,East Carolina,0,Temple,17, 
09/08/1984,Eastern Illinois,17,Indiana State,24, 
09/08/1984,Fresno State,37,Boise State,21, 
09/08/1984,Fullerton State,21,Hawaii,13, 
09/08/1984,Iowa State,21,Iowa,59,24.0
09/08/1984,Idaho State,14,UTEP,16, 
09/08/1984,Indiana,24,Duke,31,5.0
09/08/1984,Kent State,0,Kentucky,42, 
09/08/1984,Kansas State,14,Vanderbilt,26,7.0
09/08/1984,Long Beach State,17,Oregon,28, 
09/08/1984,Louisville,6,West Virginia,30,26.0
09/08/1984,Louisiana State,21,Florida,21,3.0
09/08/1984,Michigan State,24,Colorado,21,-6.0
09/08/1984,Memphis,6,Mississippi,22,1.0
09/08/1984,Miami-Florida,14,Michigan,22,1.5
09/08/1984,Miami-Ohio,13,Western Michigan,17, 
09/08/1984,Missouri,24,Illinois,30,-1.0
09/08/1984,Northern Colorado,7,Air Force,75, 
09/08/1984,Notre Dame,21,Purdue,23,-20.0
09/08/1984,Nevada-Reno,7,Pacific,12, 
09/08/1984,Northern Illinois,14,Wisconsin,27, 
09/08/1984,New Mexico State,21,New Mexico,61, 
09/08/1984,Northern Iowa,33,Drake,28, 
09/08/1984,Northwestern,0,Washington,26,25.0
09/08/1984,Ohio,6,No Carolina State,43, 
09/08/1984,Oklahoma State,45,Arizona State,3,4.5
09/08/1984,Oregon State,14,Ohio State,22,24.0
09/08/1984,Rice,24,Minnesota,31,3.0
09/08/1984,Richmond,28,Bowling Green,55, 
09/08/1984,Rutgers,12,Penn State,15,19.0
09/08/1984,Southern Illinois,7,Illinois State,35, 
09/08/1984,San Jose State,15,Nevada-Las Vegas,30, 
09/08/1984,Southern Miss,19,Georgia,26,9.0
09/08/1984,Stanford,7,Oklahoma,19,17.0
09/08/1984,UL-Lafayette,17,Louisiana Tech,16, 
09/08/1984,Syracuse,23,Maryland,7,7.0
09/08/1984,Toledo,20,Ball State,2, 
09/08/1984,U.C.L.A.,18,San Diego State,15,-19.0
09/08/1984,Utah,40,Washington State,42, 
09/08/1984,Utah State,7,Southern Cal,42, 
09/08/1984,Virginia Tech,21,Wake Forest,20,-10.0
09/08/1984,Wichita State,7,Kansas,31, 
09/08/1984,West Texas A+M,19,Texas-Arlington,27, 
09/08/1984,Wyoming,7,Nebraska,42, 
09/15/1984,Air Force,20,Wyoming,26, 
09/15/1984,Alabama,6,Georgia Tech,16,-10.5
09/15/1984,Appalachian State,13,Wake Forest,17, 
09/15/1984,Arizona,27,Oregon State,8,-10.0
09/15/1984,Auburn,27,Texas,35,-1.5
09/15/1984,Bowling Green,14,Oklahoma State,31, 
09/15/1984,Colgate,15,Army,41,-3.5
09/15/1984,Colorado,20,Oregon,27,3.0
09/15/1984,Cal-San Luis Obispo,0,Fresno State,14, 
09/15/1984,Drake,17,Iowa State,21, 
09/15/1984,East Carolina,12,Central Michigan,17, 
09/15/1984,Eastern Michigan,17,Marshall,24, 
09/15/1984,Florida State,42,Kansas,16,-16.0
09/15/1984,Furman,34,No Carolina State,30, 
09/15/1984,Hawaii,3,Colorado State,10, 
09/15/1984,Idaho,7,Fullerton State,28, 
09/15/1984,Illinois,19,Stanford,34,-6.0
09/15/1984,Illinois State,14,Western Michigan,41, 
09/15/1984,Kentucky,48,Indiana,14,-6.5
09/15/1984,Long Beach State,17,U.C.L.A.,23, 
09/15/1984,Louisiana Tech,0,Southern Miss,34, 
09/15/1984,Miami-Florida,28,Purdue,17,-13.0
09/15/1984,Miami-Ohio,17,Houston,30, 
09/15/1984,Minnesota,7,Nebraska,38,38.0
09/15/1984,Mississippi,14,Arkansas,14,6.0
09/15/1984,Navy,33,North Carolina,30,16.0
09/15/1984,Notre Dame,24,Michigan State,20,-7.0
09/15/1984,UL-Monroe,7,UL-Lafayette,6, 
09/15/1984,Ohio,31,Ball State,17, 
09/15/1984,Oklahoma,42,Pittsburgh,10,0.0
09/15/1984,Pacific,12,California,28, 
09/15/1984,Penn State,20,Iowa,17,7.0
09/15/1984,San Jose State,0,Arizona State,48, 
09/15/1984,S-M-U,41,Louisville,7,-24.5
09/15/1984,Syracuse,13,Northwestern,12,-14.0
09/15/1984,Texas-Arlington,7,Texas Tech,44, 
09/15/1984,Texas Christian,62,Utah State,18, 
09/15/1984,Temple,9,Rutgers,10,2.0
09/15/1984,Tennessee Tech,12,Kansas State,28, 
09/15/1984,Tulane,21,Florida,63,20.0
09/15/1984,Tulsa,15,Brigham Young,38,16.0
09/15/1984,Nevada-Las Vegas,28,New Mexico State,21, 
09/15/1984,Utah,21,Tennessee,27, 
09/15/1984,UTEP,2,San Diego State,51, 
09/15/1984,Vanderbilt,23,Maryland,14,6.5
09/15/1984,Virginia Military,7,Virginia,35, 
09/15/1984,Washington,20,Michigan,11,5.5
09/15/1984,Washington State,0,Ohio State,44,8.0
09/15/1984,Wichita State,7,Louisiana State,47, 
09/15/1984,Western Illinois,34,Southern Illinois,24, 
09/15/1984,Wisconsin,35,Missouri,34,7.5
09/15/1984,West Texas A+M,0,New Mexico,27, 
09/15/1984,West Virginia,14,Virginia Tech,7,-1.0
09/15/1984,Youngstown State,27,Cincinnati,23, 
09/22/1984,Air Force,17,Utah,28, 
09/22/1984,Arkansas State,19,Southern Illinois,0, 
09/22/1984,Arizona,26,Louisiana State,27,10.0
09/22/1984,Army,24,Tennessee,24,20.5
09/22/1984,Ball State,14,Washington State,16, 
09/22/1984,Baylor,15,Oklahoma,34,18.0
09/22/1984,Bowling Green,41,Miami-Ohio,10, 
09/22/1984,Brigham Young,18,Hawaii,13, 
09/22/1984,Cincinnati,7,Memphis,47,12.0
09/22/1984,The Citadel,3,Georgia Tech,48, 
09/22/1984,Clemson,23,Georgia,26,-4.0
09/22/1984,Colorado,14,Notre Dame,55,21.0
09/22/1984,Duke,0,South Carolina,21,8.0
09/22/1984,Eastern Illinois,17,Toledo,38, 
09/22/1984,Florida State,38,Miami-Florida,3,2.0
09/22/1984,Fullerton State,34,Colorado State,22, 
09/22/1984,Georgia Southern,27,East Carolina,34, 
09/22/1984,Houston,7,Washington,35,10.0
09/22/1984,Iowa State,17,Texas A+M,38,14.0
09/22/1984,Illinois State,7,Indiana State,19, 
09/22/1984,Indiana,37,Northwestern,40,3.0
09/22/1984,Iowa,26,Ohio State,45,3.0
09/22/1984,Kansas,6,Vanderbilt,41,9.5
09/22/1984,Kent State,10,Northern Illinois,24, 
09/22/1984,Kansas State,10,Texas Christian,42,6.0
09/22/1984,Kentucky,30,Tulane,26,-16.5
09/22/1984,Lamar,19,Rice,36, 
09/22/1984,Long Beach State,17,Fresno State,20, 
09/22/1984,Louisiana Tech,8,Mississippi,14, 
09/22/1984,McNeese State,24,West Texas A+M,7, 
09/22/1984,Michigan State,7,Illinois,40,6.5
09/22/1984,Maryland,20,West Virginia,17,9.5
09/22/1984,Minnesota,10,Purdue,34,15.5
09/22/1984,Mississippi State,30,Missouri,47,9.0
09/22/1984,North Carolina,20,Boston College,52,7.5
09/22/1984,Nebraska,42,U.C.L.A.,3,-10.0
09/22/1984,New Mexico State,28,Drake,35, 
09/22/1984,North Texas,6,S-M-U,24, 
09/22/1984,Ohio,16,Eastern Michigan,13, 
09/22/1984,Oregon,21,California,14,5.5
09/22/1984,Pacific,38,Northern Arizona,28, 
09/22/1984,Pittsburgh,12,Temple,13,-8.0
09/22/1984,Richmond,13,Virginia Tech,21, 
09/22/1984,Rutgers,19,Syracuse,0,7.5
09/22/1984,Southern Cal,6,Arizona State,3,-1.5
09/22/1984,San Diego State,16,Oklahoma State,19, 
09/22/1984,San Jose State,27,Stanford,28, 
09/22/1984,Southern Miss,12,Auburn,35,10.0
09/22/1984,UL-Lafayette,14,Alabama,37, 
09/22/1984,Texas Tech,24,New Mexico,29, 
09/22/1984,Tulsa,9,Arkansas,18,6.5
09/22/1984,Virginia,21,Navy,9,6.5
09/22/1984,Wake Forest,24,No Carolina State,15,3.5
09/22/1984,Wichita State,21,Nevada-Las Vegas,38, 
09/22/1984,Wisconsin,14,Michigan,20,7.0
09/22/1984,Western Michigan,19,Central Michigan,38, 
09/22/1984,William + Mary,18,Penn State,56, 
09/22/1984,Wyoming,14,Oregon State,41, 
09/29/1984,Arkansas State,21,Texas A+M,22, 
09/29/1984,Arizona State,28,Stanford,10,-2.0
09/29/1984,Ball State,15,Northern Illinois,14, 
09/29/1984,Baylor,18,Texas Tech,9,-2.0
09/29/1984,Cincinnati,15,Rutgers,43,16.0
09/29/1984,Clemson,21,Georgia Tech,28,-7.0
09/29/1984,Central Michigan,14,Kent State,10, 
09/29/1984,Central Missouri St,3,Indiana State,27, 
09/29/1984,Colorado State,10,Air Force,52, 
09/29/1984,Drake,0,Illinois State,28, 
09/29/1984,Duke,9,Army,13,4.0
09/29/1984,East Carolina,22,No Carolina State,31,3.0
09/29/1984,Eastern Michigan,27,Bowling Green,35, 
09/29/1984,Georgia,10,South Carolina,17,-5.5
09/29/1984,Illinois,16,Iowa,21,5.0
09/29/1984,Kansas,17,North Carolina,23,13.0
09/29/1984,Kansas State,6,Oklahoma,24,30.0
09/29/1984,Long Beach State,24,Arizona,31, 
09/29/1984,Louisville,30,Houston,28,25.0
09/29/1984,Louisiana State,23,Southern Cal,3,0.0
09/29/1984,Marshall,7,Western Michigan,42, 
09/29/1984,Miami-Ohio,7,Washington,53, 
09/29/1984,Michigan,14,Indiana,6,-23.0
09/29/1984,Mississippi State,12,Florida,27,14.0
09/29/1984,Navy,10,Arkansas,33,13.5
09/29/1984,Notre Dame,16,Missouri,14,-2.0
09/29/1984,Nebraska,9,Syracuse,17,-24.0
09/29/1984,New Mexico,34,UTEP,7, 
09/29/1984,New Mexico State,24,Fresno State,53, 
09/29/1984,Northwestern,16,Wisconsin,31,21.0
09/29/1984,Ohio State,35,Minnesota,22,-27.0
09/29/1984,Oklahoma State,31,Tulsa,7,-5.0
09/29/1984,Oregon State,22,Idaho,41, 
09/29/1984,Pacific,14,Oregon,30, 
09/29/1984,Penn State,3,Texas,28,1.5
09/29/1984,Purdue,13,Michigan State,10,1.0
09/29/1984,Rice,3,Miami-Florida,38,30.0
09/29/1984,Southern Illinois,27,S E Missouri St,16, 
09/29/1984,San Jose State,33,California,18, 
09/29/1984,Southern Miss,13,Memphis,23, 
09/29/1984,Texas Christian,17,S-M-U,26,9.0
09/29/1984,Temple,27,Florida State,44,21.0
09/29/1984,Tennessee,10,Auburn,29,11.5
09/29/1984,Toledo,16,Ohio,16, 
09/29/1984,Tulane,14,Mississippi,19,13.0
09/29/1984,U.C.L.A.,33,Colorado,16,-9.0
09/29/1984,Nevada-Las Vegas,12,Hawaii,16, 
09/29/1984,Utah,14,Wyoming,21, 
09/29/1984,Utah State,16,Fullerton State,27, 
09/29/1984,Vanderbilt,30,Alabama,21,6.5
09/29/1984,Virginia,26,Virginia Tech,23,9.0
09/29/1984,Wake Forest,17,Maryland,38,6.5
09/29/1984,West Texas A+M,0,Iowa State,14, 
09/29/1984,West Virginia,28,Pittsburgh,10,3.5
10/05/1984,New Mexico,14,Utah,38, 
10/05/1984,Tulsa,35,West Texas A+M,7, 
10/06/1984,Auburn,17,Mississippi,13,-10.0
10/06/1984,Bowling Green,6,Toledo,17, 
10/06/1984,Brigham Young,52,Colorado State,9, 
10/06/1984,California,19,Arizona State,14,15.0
10/06/1984,Central Michigan,16,Eastern Michigan,16, 
10/06/1984,Colorado,7,Missouri,52,23.0
10/06/1984,East Carolina,10,Pittsburgh,17,15.5
10/06/1984,Fresno State,15,Hawaii,27, 
10/06/1984,Florida State,17,Memphis,17,-11.0
10/06/1984,Fullerton State,41,Pacific,31, 
10/06/1984,Georgia,24,Alabama,14,1.0
10/06/1984,Harvard,11,Army,33,16.0
10/06/1984,Houston,27,Baylor,17,7.5
10/06/1984,Iowa State,14,Kansas,33,6.0
10/06/1984,Illinois State,34,Eastern Illinois,21, 
10/06/1984,Indiana,24,Minnesota,33,1.0
10/06/1984,Indiana State,34,Ball State,6, 
10/06/1984,Iowa,31,Northwestern,3,-16.5
10/06/1984,Kansas State,17,South Carolina,49,14.0
10/06/1984,Michigan State,19,Michigan,7,13.0
10/06/1984,Maryland,24,Penn State,25,7.0
10/06/1984,Miami-Florida,31,Notre Dame,13,0.0
10/06/1984,Miami-Ohio,19,Kent State,3, 
10/06/1984,Mississippi State,27,Southern Miss,18,0.0
10/06/1984,Navy,22,Air Force,29,11.5
10/06/1984,North Carolina,12,Clemson,20,14.0
10/06/1984,No Carolina State,27,Georgia Tech,22,14.5
10/06/1984,Northern Illinois,20,Western Michigan,15, 
10/06/1984,Northern Iowa,10,Southern Illinois,40, 
10/06/1984,Ohio State,23,Purdue,28,-8.0
10/06/1984,Oklahoma State,3,Nebraska,17,8.5
10/06/1984,Oregon,14,Arizona,28,8.5
10/06/1984,Rutgers,14,Kentucky,27,6.5
10/06/1984,Southern Cal,29,Washington State,27,-5.0
10/06/1984,San Diego State,21,Wyoming,0, 
10/06/1984,Stanford,23,U.C.L.A.,21,9.5
10/06/1984,Syracuse,0,Florida,16,12.0
10/06/1984,Texas Christian,32,Arkansas,31,3.5
10/06/1984,Temple,28,William + Mary,14, 
10/06/1984,Texas,38,Rice,13,-30.5
10/06/1984,Truman State,17,Drake,31, 
10/06/1984,Texas Tech,30,Texas A+M,12,8.0
10/06/1984,Tulane,27,Vanderbilt,23,14.5
10/06/1984,Nevada-Las Vegas,41,Long Beach State,23, 
10/06/1984,UTEP,16,New Mexico State,27, 
10/06/1984,Utah State,21,San Jose State,38, 
10/06/1984,Virginia,38,Duke,10,-3.0
10/06/1984,Virginia Tech,54,Virginia Military,7, 
10/06/1984,Washington,19,Oregon State,7,-21.0
10/06/1984,Wake Forest,29,Richmond,16, 
10/06/1984,Wichita State,3,UL-Lafayette,31, 
10/06/1984,Wisconsin,6,Illinois,22,3.0
10/06/1984,Western Kentucky,17,Louisville,45, 
10/12/1984,Abilene Christian,10,West Texas A+M,14, 
10/13/1984,Air Force,21,Notre Dame,7,10.0
10/13/1984,Army,7,Rutgers,14,7.5
10/13/1984,Auburn,42,Florida State,41,3.0
10/13/1984,California,6,Oregon State,9,-4.0
10/13/1984,Colorado State,16,New Mexico,10, 
10/13/1984,Drake,20,Western Illinois,37, 
10/13/1984,Duke,0,Virginia Tech,27,14.0
10/13/1984,East Carolina,20,Tulsa,31,7.0
10/13/1984,Eastern Michigan,10,Northern Illinois,10, 
10/13/1984,Florida,43,Tennessee,30,-7.0
10/13/1984,Georgia Tech,20,Virginia,20,-2.5
10/13/1984,Hawaii,24,UTEP,20, 
10/13/1984,Iowa State,21,Colorado,23,2.5
10/13/1984,Idaho State,20,Nevada-Las Vegas,33, 
10/13/1984,Illinois,38,Ohio State,45,6.5
10/13/1984,Indiana,6,Michigan State,13,13.5
10/13/1984,Indiana State,44,Louisville,21, 
10/13/1984,Iowa,40,Purdue,3,-4.0
10/13/1984,Kansas,7,Kansas State,24,-1.0
10/13/1984,Kent State,15,Ball State,10, 
10/13/1984,Kentucky,17,Mississippi State,13,-1.5
10/13/1984,Long Beach State,24,Utah State,22, 
10/13/1984,Lehigh,14,Navy,31, 
10/13/1984,Miami-Florida,49,Cincinnati,25,-24.0
10/13/1984,Minnesota,17,Wisconsin,14,18.0
10/13/1984,Mississippi,12,Georgia,18,7.5
10/13/1984,Missouri,23,Nebraska,33,10.5
10/13/1984,North Carolina,3,Wake Forest,14,-3.0
10/13/1984,No Carolina State,21,Maryland,44,8.0
10/13/1984,New Mexico State,7,Pacific,21, 
10/13/1984,Northwestern,0,Michigan,31,23.0
10/13/1984,Ohio,3,Central Michigan,35, 
10/13/1984,Oklahoma,15,Texas,15,1.0
10/13/1984,Penn State,0,Alabama,6,-2.0
10/13/1984,Pittsburgh,21,South Carolina,45,5.5
10/13/1984,Rice,24,Texas Christian,45,20.0
10/13/1984,Southern Cal,19,Oregon,9,-6.0
10/13/1984,Southern Illinois,48,Eastern Illinois,40, 
10/13/1984,San Jose State,12,Fullerton State,21, 
10/13/1984,Southern Miss,7,Tulane,35,0.0
10/13/1984,S-M-U,24,Baylor,20,-8.0
10/13/1984,UL-Lafayette,7,Memphis,20, 
10/13/1984,Syracuse,10,West Virginia,20,7.0
10/13/1984,Texas-Arlington,17,Wichita State,15, 
10/13/1984,Temple,10,Boston College,24,16.0
10/13/1984,Toledo,10,Miami-Ohio,7, 
10/13/1984,Texas Tech,0,Arkansas,24,8.0
10/13/1984,Texas A+M,7,Houston,9,3.5
10/13/1984,Utah,24,San Diego State,24, 
10/13/1984,Vanderbilt,27,Louisiana State,34,8.0
10/13/1984,Washington,37,Stanford,15,-8.5
10/13/1984,Washington State,24,U.C.L.A.,27,9.0
10/13/1984,Western Michigan,7,Bowling Green,34, 
10/13/1984,Wyoming,38,Brigham Young,41, 
10/19/1984,West Texas A+M,24,Southern Illinois,17, 
10/20/1984,Alabama,27,Tennessee,28,-1.0
10/20/1984,Arizona,14,Southern Cal,17,1.5
10/20/1984,Arkansas,18,Texas,24,10.0
10/20/1984,Baylor,20,Texas A+M,16,-1.0
10/20/1984,Boston College,20,West Virginia,21,-3.5
10/20/1984,Brigham Young,30,Air Force,25,-7.0
10/20/1984,Cincinnati,17,Florida,48,31.0
10/20/1984,Central Michigan,10,Miami-Ohio,9, 
10/20/1984,Colorado State,24,San Diego State,41, 
10/20/1984,Delaware,34,Temple,19, 
10/20/1984,Drake,3,Indiana State,17, 
10/20/1984,Duke,21,Clemson,54,31.0
10/20/1984,Eastern Michigan,7,Toledo,17, 
10/20/1984,East Tennessee St,6,East Carolina,24, 
10/20/1984,Fullerton State,36,Nevada-Reno,14, 
10/20/1984,Georgia Tech,34,Auburn,48,10.0
10/20/1984,Houston,29,S-M-U,20,13.0
10/20/1984,Illinois State,24,U-C-F,28, 
10/20/1984,Kansas,10,Oklahoma State,47,23.0
10/20/1984,Kent State,19,Ohio,7, 
10/20/1984,Long Beach State,43,New Mexico State,13, 
10/20/1984,Louisville,21,Rutgers,38,17.0
10/20/1984,Louisiana State,36,Kentucky,10,-5.0
10/20/1984,Michigan,0,Iowa,26,8.0
10/20/1984,Mississippi,10,Southern Miss,13,-8.5
10/20/1984,Missouri,61,Kansas State,21,-14.5
10/20/1984,Mississippi State,12,Memphis,23,6.5
10/20/1984,No Carolina State,21,North Carolina,28,6.0
10/20/1984,Nebraska,24,Colorado,7,-31.0
10/20/1984,Northern Illinois,6,Bowling Green,28, 
10/20/1984,New Mexico,21,Wyoming,59, 
10/20/1984,North Texas,3,Texas Christian,34, 
10/20/1984,Northwestern,31,Minnesota,28,8.5
10/20/1984,Ohio State,23,Michigan State,20,-10.0
10/20/1984,Oklahoma,12,Iowa State,10,-27.5
10/20/1984,Oregon,10,Washington,17,16.5
10/20/1984,Oregon State,10,Arizona State,45,16.0
10/20/1984,Pennsylvania,13,Army,48,10.5
10/20/1984,Pittsburgh,7,Miami-Florida,27,14.5
10/20/1984,Princeton,3,Navy,41,17.5
10/20/1984,Purdue,20,Illinois,34,9.0
10/20/1984,South Carolina,36,Notre Dame,32,-2.5
10/20/1984,UL-Lafayette,35,San Jose State,28, 
10/20/1984,Syracuse,3,Penn State,21,6.0
10/20/1984,Texas Tech,30,Rice,10,-8.0
10/20/1984,Tulane,6,Florida State,27,16.5
10/20/1984,U.C.L.A.,17,California,14,-4.5
10/20/1984,Nevada-Las Vegas,35,Pacific,21, 
10/20/1984,Utah,17,Hawaii,20, 
10/20/1984,Utah State,18,Fresno State,43, 
10/20/1984,Vanderbilt,35,Georgia,62,5.0
10/20/1984,Washington State,49,Stanford,42,3.0
10/20/1984,Wake Forest,9,Virginia,28,4.0
10/20/1984,Wichita State,20,Tulsa,55, 
10/20/1984,Wisconsin,20,Indiana,16,-10.0
10/20/1984,Western Michigan,20,Ball State,23, 
10/20/1984,William + Mary,14,Virginia Tech,38, 
10/25/1984,Brigham Young,48,New Mexico,0,-21.5
10/26/1984,West Texas A+M,21,New Mexico State,13, 
10/27/1984,Arizona,12,Washington,28,7.0
10/27/1984,Arkansas,17,Houston,3,-3.0
10/27/1984,Army,16,Syracuse,27,7.0
10/27/1984,Auburn,24,Mississippi State,21,-14.0
10/27/1984,Ball State,17,Eastern Michigan,10, 
10/27/1984,Baylor,28,Texas Christian,38,5.5
10/27/1984,Bowling Green,21,Central Michigan,42, 
10/27/1984,California,7,Southern Cal,31,13.5
10/27/1984,Clemson,35,No Carolina State,34,-14.5
10/27/1984,Colorado,14,Oklahoma State,20,29.5
10/27/1984,East Carolina,20,South Carolina,42,18.5
10/27/1984,Fresno State,17,San Jose State,18, 
10/27/1984,Georgia,37,Kentucky,7,-6.0
10/27/1984,Iowa State,14,Missouri,14,26.0
10/27/1984,Illinois,18,Michigan,26,-2.5
10/27/1984,Illinois State,14,Western Illinois,28, 
10/27/1984,Indiana State,27,Southern Illinois,10, 
10/27/1984,Iowa,24,Indiana,20,-21.5
10/27/1984,Kansas State,14,Nebraska,62,33.0
10/27/1984,Long Beach State,28,Fullerton State,42, 
10/27/1984,Louisville,21,Cincinnati,40,1.0
10/27/1984,Michigan State,20,Minnesota,13,-5.0
10/27/1984,Maryland,43,Duke,7,-20.0
10/27/1984,Miami-Ohio,20,Northern Illinois,7, 
10/27/1984,Mississippi,20,Vanderbilt,37,3.0
10/27/1984,Navy,28,Pittsburgh,28,7.0
10/27/1984,North Carolina,30,Memphis,27,7.0
10/27/1984,Notre Dame,30,Louisiana State,22,10.5
10/27/1984,Ohio,14,Western Michigan,33, 
10/27/1984,Ohio State,14,Wisconsin,16,-8.0
10/27/1984,Oklahoma,11,Kansas,28,-21.0
10/27/1984,Pacific,14,Utah State,41, 
10/27/1984,Penn State,14,West Virginia,17,1.0
10/27/1984,Purdue,49,Northwestern,7,-9.0
10/27/1984,Rice,14,Texas A+M,38,16.5
10/27/1984,Rutgers,23,Boston College,35,14.5
10/27/1984,San Diego State,10,Hawaii,16, 
10/27/1984,Southern Miss,7,UL-Lafayette,13, 
10/27/1984,S-M-U,7,Texas,13,7.0
10/27/1984,Stanford,28,Oregon State,21,-3.5
10/27/1984,Tennessee,24,Georgia Tech,21,3.5
10/27/1984,Toledo,6,Kent State,17, 
10/27/1984,Tulsa,17,Texas Tech,20,-1.0
10/27/1984,U.C.L.A.,21,Arizona State,13,5.5
10/27/1984,UTEP,15,Utah,43, 
10/27/1984,Virginia Tech,9,Temple,7,-3.5
10/27/1984,Washington State,50,Oregon,41,-1.0
10/27/1984,Wichita State,23,Drake,6, 
10/27/1984,William + Mary,21,Wake Forest,34, 
10/27/1984,Wyoming,43,Colorado State,34, 
11/03/1984,Air Force,12,Army,24,-7.5
11/03/1984,Alabama,24,Mississippi State,20,-3.5
11/03/1984,Auburn,3,Florida,24,2.0
11/03/1984,Boston College,30,Penn State,37,0.0
11/03/1984,Bowling Green,38,Ball State,13, 
11/03/1984,California,14,Washington,44,18.0
11/03/1984,U-C-F,0,Indiana State,38, 
11/03/1984,Cincinnati,10,Temple,42,16.0
11/03/1984,Central Michigan,7,Northern Illinois,8, 
11/03/1984,Colorado State,23,Utah,35, 
11/03/1984,Duke,3,Georgia Tech,31,23.5
11/03/1984,Florida State,52,Arizona State,44,-6.0
11/03/1984,Fullerton State,20,Fresno State,17, 
11/03/1984,Indiana,7,Ohio State,50,22.5
11/03/1984,Kansas,28,Colorado,27,0.0
11/03/1984,Kent State,18,Eastern Michigan,20, 
11/03/1984,Maryland,34,North Carolina,23,-5.0
11/03/1984,Memphis,3,Georgia,13,11.5
11/03/1984,Miami-Florida,38,Louisville,23,-30.5
11/03/1984,Miami-Ohio,19,Ohio,24, 
11/03/1984,Michigan,29,Purdue,31,0.0
11/03/1984,Minnesota,3,Illinois,48,23.5
11/03/1984,Mississippi,29,Louisiana State,32,11.5
11/03/1984,Missouri,7,Oklahoma,49,3.5
11/03/1984,Navy,17,Notre Dame,18,11.5
11/03/1984,Nebraska,44,Iowa State,0,-27.0
11/03/1984,New Mexico,2,Baylor,38,15.0
11/03/1984,New Mexico State,31,Wichita State,24, 
11/03/1984,North Texas,7,Kentucky,31, 
11/03/1984,Northwestern St(LA),22,Southern Miss,0, 
11/03/1984,Northwestern,10,Michigan State,27,15.0
11/03/1984,Oklahoma State,34,Kansas State,6,-23.0
11/03/1984,Oregon,20,U.C.L.A.,18,11.5
11/03/1984,Oregon State,3,Washington State,20,14.5
11/03/1984,Pacific,22,Long Beach State,24, 
11/03/1984,Pittsburgh,7,Syracuse,13,3.0
11/03/1984,Rice,6,Arkansas,28,28.0
11/03/1984,Southern Cal,20,Stanford,11,-6.5
11/03/1984,South Carolina,35,No Carolina State,28,-10.0
11/03/1984,Southern Illinois,17,Drake,20, 
11/03/1984,UL-Lafayette,42,East Carolina,24, 
11/03/1984,Texas Christian,21,Houston,14,-3.5
11/03/1984,Texas,13,Texas Tech,10,-13.5
11/03/1984,Tulane,6,Virginia Tech,13,5.5
11/03/1984,Tulsa,28,Illinois State,7, 
11/03/1984,Texas A+M,20,S-M-U,28,11.5
11/03/1984,Nevada-Las Vegas,30,San Diego State,14, 
11/03/1984,UTEP,9,Brigham Young,42, 
11/03/1984,Utah State,10,Arizona,45, 
11/03/1984,Virginia,27,West Virginia,7,6.5
11/03/1984,Wake Forest,14,Clemson,37,16.0
11/03/1984,Wisconsin,10,Iowa,10,12.5
11/03/1984,Western Michigan,13,Toledo,17, 
11/03/1984,Wyoming,28,Hawaii,31, 
11/10/1984,Air Force,23,New Mexico,9,-18.0
11/10/1984,Arkansas,14,Baylor,9,-3.0
11/10/1984,Army,31,Boston College,45,16.0
11/10/1984,Arizona State,44,Oregon,10,-4.0
11/10/1984,Ball State,7,Central Michigan,51, 
11/10/1984,Cincinnati,0,Auburn,60,32.5
11/10/1984,Eastern Michigan,0,Miami-Ohio,23, 
11/10/1984,Florida,27,Georgia,0,-3.0
11/10/1984,Florida State,26,South Carolina,38,-3.0
11/10/1984,Fullerton State,20,Nevada-Las Vegas,26, 
11/10/1984,Georgia Tech,17,North Carolina,24,1.0
11/10/1984,Houston,29,Texas,15,13.0
11/10/1984,Illinois,34,Indiana,7,-21.0
11/10/1984,Kent State,9,Western Michigan,13, 
11/10/1984,Kansas State,7,Iowa State,7,4.0
11/10/1984,Long Beach State,7,San Jose State,42, 
11/10/1984,Louisiana State,16,Alabama,14,-3.5
11/10/1984,Marshall,10,Illinois State,3, 
11/10/1984,Michigan State,17,Iowa,16,12.0
11/10/1984,Maryland,42,Miami-Florida,40,7.0
11/10/1984,Memphis,9,Tennessee,41,2.0
11/10/1984,Minnesota,7,Michigan,31,21.5
11/10/1984,Missouri,13,Oklahoma State,31,9.5
11/10/1984,Navy,0,Syracuse,29,7.5
11/10/1984,No Carolina State,0,Virginia,45,7.0
11/10/1984,Nebraska,41,Kansas,7,-27.0
11/10/1984,Northern Illinois,7,Toledo,13, 
11/10/1984,Ohio,7,Bowling Green,28, 
11/10/1984,Ohio State,52,Northwestern,3,-24.0
11/10/1984,Oklahoma,42,Colorado,17,-26.0
11/10/1984,Oregon State,17,U.C.L.A.,26,17.0
11/10/1984,Pacific,24,Fresno State,6, 
11/10/1984,Purdue,13,Wisconsin,30,2.5
11/10/1984,South Dakota State,29,Wyoming,45, 
11/10/1984,San Diego State,3,Brigham Young,34, 
11/10/1984,Southern Miss,31,East Carolina,27,-2.0
11/10/1984,S-M-U,31,Rice,17,-24.0
11/10/1984,Stanford,14,Arizona,28,8.5
11/10/1984,UL-Lafayette,17,McNeese State,30, 
11/10/1984,Missouri State,31,Southern Illinois,6, 
11/10/1984,Tennessee State,24,Louisville,15, 
11/10/1984,Texas Tech,16,Texas Christian,27,8.5
11/10/1984,Tulane,10,Pittsburgh,21,4.0
11/10/1984,Tulsa,24,Indiana State,17, 
11/10/1984,Utah,21,Utah State,10, 
11/10/1984,UTEP,31,Colorado State,59, 
11/10/1984,Vanderbilt,18,Kentucky,27,-2.0
11/10/1984,Virginia Tech,10,Clemson,17,10.5
11/10/1984,Washington,7,Southern Cal,16,-3.5
11/10/1984,Washington State,33,California,7,-6.0
11/10/1984,Wake Forest,20,Duke,16,-14.0
11/10/1984,West Texas A+M,14,Wichita State,17, 
11/10/1984,West Virginia,19,Rutgers,23,-5.0
11/17/1984,Alabama,29,Cincinnati,7,-23.0
11/17/1984,Army,45,Montana,31, 
11/17/1984,Baylor,46,Rice,40,-16.0
11/17/1984,Bowling Green,27,Kent State,10, 
11/17/1984,Brigham Young,24,Utah,14, 
11/17/1984,Chattanooga,0,Florida State,37, 
11/17/1984,Clemson,23,Maryland,41,3.0
11/17/1984,Colgate,7,Rutgers,17,20.5
11/17/1984,Colorado,6,Kansas State,38,3.5
11/17/1984,Colorado State,14,Arizona State,45, 
11/17/1984,Drake,25,West Texas A+M,22, 
11/17/1984,Duke,16,No Carolina State,13,17.0
11/17/1984,Florida,25,Kentucky,17,-12.0
11/17/1984,Fullerton State,20,New Mexico State,0, 
11/17/1984,Georgia,12,Auburn,21,5.5
11/17/1984,Georgia Tech,24,Wake Forest,7,-3.5
11/17/1984,Iowa State,10,Oklahoma State,16,25.0
11/17/1984,Illinois State,17,Wichita State,0, 
11/17/1984,Indiana,24,Purdue,31,17.0
11/17/1984,Indiana State,2,Western Illinois,22, 
11/17/1984,Iowa,17,Minnesota,23,-19.0
11/17/1984,Kansas,35,Missouri,21,17.5
11/17/1984,Louisville,25,Southern Miss,34,16.0
11/17/1984,Louisiana State,14,Mississippi State,16,-7.5
11/17/1984,Memphis,9,Tulane,14,-1.0
11/17/1984,Michigan,6,Ohio State,21,8.5
11/17/1984,Montana State,35,Fresno State,31, 
11/17/1984,Northern Illinois,3,Ohio,10, 
11/17/1984,New Mexico,31,San Diego State,37, 
11/17/1984,Oklahoma,17,Nebraska,7,5.5
11/17/1984,Oregon,31,Oregon State,6,-4.5
11/17/1984,Penn State,7,Notre Dame,44,-1.0
11/17/1984,Southern Cal,10,U.C.L.A.,29,-7.5
11/17/1984,South Carolina,21,Navy,38,-14.5
11/17/1984,San Jose State,33,Pacific,0, 
11/17/1984,S-M-U,31,Texas Tech,0,-6.5
11/17/1984,Stanford,27,California,10,-3.0
11/17/1984,UL-Lafayette,18,Tulsa,17, 
11/17/1984,Syracuse,16,Boston College,24,8.0
11/17/1984,Tennessee,41,Mississippi,17,-2.0
11/17/1984,Texas,44,Texas Christian,23,-3.0
11/17/1984,Toledo,14,Central Michigan,7, 
11/17/1984,Texas A+M,0,Arkansas,28, 
11/17/1984,Nevada-Las Vegas,36,Utah State,20, 
11/17/1984,Virginia,24,North Carolina,24,-3.0
11/17/1984,Virginia Tech,23,Vanderbilt,3,3.0
11/17/1984,Washington,38,Washington State,29,-3.5
11/17/1984,Wisconsin,20,Michigan State,10,-3.5
11/17/1984,Western Michigan,14,Eastern Michigan,24, 
11/17/1984,West Virginia,17,Temple,19,-3.5
11/17/1984,Wyoming,22,UTEP,35, 
11/22/1984,Miami-Ohio,31,Cincinnati,26, 
11/23/1984,Boston College,47,Miami-Florida,45,6.5
11/24/1984,Air Force,38,UTEP,12, 
11/24/1984,Arkansas,28,S-M-U,31,2.0
11/24/1984,Arizona State,10,Arizona,16,-1.0
11/24/1984,Fresno State,13,Nevada-Las Vegas,27, 
11/24/1984,Houston,24,Texas Tech,17,-5.0
11/24/1984,Kentucky,17,Tennessee,12,8.0
11/24/1984,Long Beach State,18,San Diego State,17, 
11/24/1984,Maryland,45,Virginia,34,-4.0
11/24/1984,Mississippi,24,Mississippi State,3,2.5
11/24/1984,North Carolina,17,Duke,15,-12.0
11/24/1984,Notre Dame,19,Southern Cal,7,1.5
11/24/1984,New Mexico,13,Hawaii,48, 
11/24/1984,Oklahoma State,14,Oklahoma,24,4.5
11/24/1984,Pittsburgh,31,Penn State,11,7.0
11/24/1984,South Carolina,22,Clemson,21,2.0
11/24/1984,Texas Christian,21,Texas A+M,35,-6.0
11/24/1984,Texas,10,Baylor,24,-8.0
11/24/1984,Tulane,15,Louisiana State,33,12.5
11/24/1984,Utah State,13,Brigham Young,38, 
11/30/1984,Toledo,6,Temple,35, 
12/01/1984,Alabama,17,Auburn,15,7.0
12/01/1984,Army,28,Navy,11,-1.5
12/01/1984,Boston College,45,Holy Cross,10,-16.0
12/01/1984,Florida,27,Florida State,17,-2.5
12/01/1984,Georgia Tech,35,Georgia,18,7.0
12/01/1984,Iowa,17,Hawaii,6,-7.5
12/01/1984,Middle Tennessee,42,Indiana State,41, 
12/01/1984,Rice,26,Houston,38,19.0
12/01/1984,S-M-U,38,Nevada-Las Vegas,21, 
12/01/1984,Tennessee,29,Vanderbilt,13,-2.5
12/01/1984,Texas A+M,37,Texas,12,11.0
