Date,Visitor,Visitor Score,Home Team,Home Score,Line
08/30/1987,Iowa,22,Tennessee,23,-1.0
09/02/1987,Pittsburgh,27,Brigham Young,17,-3.0
09/05/1987,Air Force,13,Wyoming,27,5.5
09/05/1987,Akron,19,Western Michigan,24, 
09/05/1987,Appalachian State,3,South Carolina,24, 
09/05/1987,Bowling Green,19,Penn State,45, 
09/05/1987,Colgate,6,Duke,41, 
09/05/1987,Colorado State,3,Tennessee,49,18.0
09/05/1987,East Carolina,32,No Carolina State,14,10.5
09/05/1987,Eastern Illinois,3,San Jose State,24, 
09/05/1987,Florida,4,Miami-Florida,31,6.5
09/05/1987,Fresno State,24,Washington State,41, 
09/05/1987,Fullerton State,0,Hawaii,44, 
09/05/1987,Illinois,14,North Carolina,34,6.5
09/05/1987,Lamar,30,Rice,34, 
09/05/1987,Louisiana State,17,Texas A+M,3,-1.5
09/05/1987,Louisiana Tech,3,Baylor,13, 
09/05/1987,Maryland,11,Syracuse,25,-3.5
09/05/1987,Miami-Ohio,15,Central Michigan,6, 
09/05/1987,Mississippi,10,Memphis,16,-13.5
09/05/1987,Montana State,15,Long Beach State,51, 
09/05/1987,New Mexico,20,Utah,24,2.0
09/05/1987,New Mexico State,0,UTEP,31, 
09/05/1987,North Texas,14,Oklahoma,69, 
09/05/1987,Ohio,3,West Virginia,23, 
09/05/1987,Pacific,0,California,42, 
09/05/1987,Austin Peay,26,Kansas State,22, 
09/05/1987,Rutgers,10,Cincinnati,7,-4.0
09/05/1987,San Diego State,14,U.C.L.A.,47,17.5
09/05/1987,Southern Miss,6,Alabama,38,15.5
09/05/1987,Stanford,21,Washington,31,12.0
09/05/1987,UL-Lafayette,3,Mississippi State,31, 
09/05/1987,Texas Christian,20,Boston College,38,7.5
09/05/1987,Temple,13,Toledo,12, 
09/05/1987,Texas,3,Auburn,31,13.0
09/05/1987,Texas Tech,16,Florida State,40,17.5
09/05/1987,Tulane,40,Louisville,42,-5.0
09/05/1987,Tulsa,28,Oklahoma State,39,9.0
09/05/1987,Utah State,12,Nebraska,56, 
09/05/1987,Virginia,22,Georgia,30,17.5
09/05/1987,Western Carolina,0,Clemson,43, 
09/05/1987,Youngstown State,20,Eastern Michigan,35, 
09/07/1987,Southern Cal,13,Michigan State,27,2.5
09/12/1987,Alabama,24,Penn State,13,3.0
09/12/1987,Arkansas,31,Mississippi,10,-4.5
09/12/1987,Arizona State,21,Illinois,7,-7.0
09/12/1987,Ball State,17,Toledo,21, 
09/12/1987,Baylor,18,Missouri,23,-4.5
09/12/1987,Brigham Young,22,Texas,17,5.5
09/12/1987,Cincinnati,25,Louisville,0,0.0
09/12/1987,The Citadel,12,Georgia Tech,51, 
09/12/1987,Clemson,22,Virginia Tech,10,-13.5
09/12/1987,Central Michigan,30,Idaho,18, 
09/12/1987,Colorado State,24,Texas Tech,33,15.0
09/12/1987,Eastern Michigan,33,Miami-Ohio,17, 
09/12/1987,Florida State,44,East Carolina,3,-19.5
09/12/1987,Fullerton State,12,Louisiana State,56, 
09/12/1987,Hawaii,7,Wisconsin,28,1.5
09/12/1987,Holy Cross,34,Army,24, 
09/12/1987,Iowa State,12,Tulane,25,5.0
09/12/1987,Iowa,15,Arizona,14,2.5
09/12/1987,Kansas,0,Auburn,49,36.0
09/12/1987,Kent State,27,Akron,23, 
09/12/1987,Lamar,39,Northern Illinois,35, 
09/12/1987,Marshall,15,Ohio,23, 
09/12/1987,Memphis,17,Vanderbilt,27,5.5
09/12/1987,North Carolina,0,Oklahoma,28,22.0
09/12/1987,No Carolina State,0,Pittsburgh,34,18.0
09/12/1987,Notre Dame,26,Michigan,7,4.0
09/12/1987,New Mexico,14,New Mexico State,17,-13.0
09/12/1987,Northern Iowa,7,Minnesota,24, 
09/12/1987,Northwestern,16,Duke,31,7.0
09/12/1987,Oklahoma State,35,Houston,0,-4.5
09/12/1987,Oregon,10,Colorado,7,17.5
09/12/1987,Oregon State,7,Georgia,41,18.0
09/12/1987,Purdue,10,Washington,28,24.0
09/12/1987,Rice,13,Indiana,35,15.0
09/12/1987,Richmond,0,Wake Forest,24, 
09/12/1987,Sacramento State,7,Pacific,31, 
09/12/1987,San Jose State,27,California,25, 
09/12/1987,Syracuse,20,Rutgers,3,-2.5
09/12/1987,Texas Christian,10,Air Force,21,1.0
09/12/1987,Temple,7,Boston College,28,10.5
09/12/1987,Tennessee,38,Mississippi State,10,-9.0
09/12/1987,Tulsa,0,Florida,52,16.0
09/12/1987,U.C.L.A.,33,Nebraska,42,6.5
09/12/1987,Nevada-Las Vegas,10,UL-Lafayette,21, 
09/12/1987,Utah,34,San Diego State,52,13.0
09/12/1987,Utah State,0,Kentucky,41, 
09/12/1987,Virginia,19,Maryland,21,12.0
09/12/1987,Western Carolina,6,South Carolina,31, 
09/12/1987,Weber State,7,Long Beach State,30, 
09/12/1987,Western Illinois,17,Fresno State,20, 
09/12/1987,Western Michigan,6,Illinois State,20, 
09/12/1987,William + Mary,27,Navy,12, 
09/12/1987,West Virginia,3,Ohio State,24,17.0
09/12/1987,Wyoming,28,Washington State,43,-3.0
09/12/1987,Youngstown State,20,Bowling Green,17, 
09/19/1987,Arkansas State,10,Mississippi,47, 
09/19/1987,Army,41,Kansas State,14,-6.0
09/19/1987,Baylor,21,Nevada-Las Vegas,14, 
09/19/1987,Boston College,17,Southern Cal,23,7.0
09/19/1987,Bowling Green,24,Ball State,0, 
09/19/1987,Brigham Young,12,Texas Christian,33,-5.0
09/19/1987,California,23,Minnesota,32,6.5
09/19/1987,Cincinnati,0,Penn State,41,19.0
09/19/1987,East Carolina,10,Illinois,20,10.0
09/19/1987,Eastern Michigan,16,Akron,17, 
09/19/1987,Florida,23,Alabama,14,6.5
09/19/1987,Fresno State,0,U.C.L.A.,17, 
09/19/1987,Georgia,20,Clemson,21,4.5
09/19/1987,Indiana,15,Kentucky,34,1.0
09/19/1987,Iowa,48,Iowa State,9,-21.0
09/19/1987,Kent State,31,Kansas,17, 
09/19/1987,Lamar,14,Texas Tech,43, 
09/19/1987,Long Beach State,12,Fullerton State,31, 
09/19/1987,Lehigh,24,Navy,9, 
09/19/1987,Louisville,22,Purdue,22,9.5
09/19/1987,Louisiana Tech,13,Mississippi State,14, 
09/19/1987,Michigan State,8,Notre Dame,31,6.0
09/19/1987,Memphis,24,Florida State,41,30.0
09/19/1987,Miami-Ohio,10,Syracuse,24, 
09/19/1987,North Carolina,30,Georgia Tech,23,2.5
09/19/1987,No Carolina State,3,Wake Forest,21,4.5
09/19/1987,Northern Illinois,34,Western Michigan,14, 
09/19/1987,New Mexico,9,Arizona,20,23.0
09/19/1987,Northwestern,3,Missouri,28,6.5
09/19/1987,Ohio,12,Toledo,17, 
09/19/1987,Oklahoma State,35,Wyoming,29,-4.5
09/19/1987,Oregon,14,Ohio State,24,22.5
09/19/1987,Pacific,12,Arizona State,31, 
09/19/1987,Rice,16,Louisiana State,49,30.5
09/19/1987,San Diego State,7,Air Force,49,-1.5
09/19/1987,San Jose State,34,Oregon State,36, 
09/19/1987,Stanford,17,Colorado,31,3.0
09/19/1987,Temple,24,Pittsburgh,21,21.0
09/19/1987,Tulane,24,Southern Miss,31,4.0
09/19/1987,Tulsa,15,Arkansas,30,22.5
09/19/1987,Utah,31,Wisconsin,28,12.0
09/19/1987,UTEP,45,Colorado State,6,1.0
09/19/1987,Vanderbilt,31,Duke,35,6.5
09/19/1987,Virginia Tech,13,Virginia,14,5.0
09/19/1987,Washington,12,Texas A+M,29,-3.0
09/19/1987,Washington State,18,Michigan,44,20.5
09/19/1987,West Virginia,20,Maryland,25,6.5
09/26/1987,Air Force,27,Colorado State,19,13.5
09/26/1987,Akron,3,Temple,23, 
09/26/1987,Alabama,30,Vanderbilt,23,-16.0
09/26/1987,Angelo State,21,New Mexico State,17, 
09/26/1987,Appalachian State,12,Wake Forest,16, 
09/26/1987,Arizona,24,U.C.L.A.,34,12.0
09/26/1987,Auburn,20,Tennessee,20,-3.0
09/26/1987,Ball State,13,Wisconsin,30, 
09/26/1987,Brigham Young,45,New Mexico,25,-8.0
09/26/1987,The Citadel,6,Army,48, 
09/26/1987,Central Michigan,10,Minnesota,30, 
09/26/1987,Duke,17,Virginia,42,1.0
09/26/1987,Eastern Michigan,23,Kent State,21, 
09/26/1987,Florida State,31,Michigan State,3,-7.0
09/26/1987,Fullerton State,30,Utah State,11, 
09/26/1987,Georgia Southern,13,East Carolina,16, 
09/26/1987,Georgia Tech,12,Clemson,33,12.5
09/26/1987,Hawaii,13,UTEP,37,3.0
09/26/1987,Iowa State,17,Wyoming,34,13.0
09/26/1987,Idaho State,16,Utah,51, 
09/26/1987,Kansas State,13,Iowa,38,42.0
09/26/1987,Kentucky,18,Rutgers,19,-6.0
09/26/1987,Long Beach State,0,Michigan,49, 
09/26/1987,Louisiana Tech,16,Kansas,11, 
09/26/1987,Maryland,14,No Carolina State,42,-13.5
09/26/1987,Miami-Florida,51,Arkansas,7,-6.0
09/26/1987,Miami-Ohio,26,Cincinnati,31, 
09/26/1987,Mississippi,24,Tulane,31,-9.0
09/26/1987,Missouri,17,Indiana,20,6.5
09/26/1987,Mississippi State,3,Florida,38,20.0
09/26/1987,Murray State,10,Louisville,34, 
09/26/1987,North Carolina,45,Navy,14,-25.0
09/26/1987,Notre Dame,44,Purdue,20,-23.0
09/26/1987,Nebraska,35,Arizona State,28,-9.0
09/26/1987,Northern Illinois,16,Northwestern,16, 
09/26/1987,Ohio State,13,Louisiana State,13,6.5
09/26/1987,Oklahoma,65,Tulsa,0,-41.0
09/26/1987,Oregon State,16,Texas,61,11.0
09/26/1987,Pacific,3,Washington,31, 
09/26/1987,Penn State,27,Boston College,17,-3.5
09/26/1987,Pittsburgh,6,West Virginia,3,-8.0
09/26/1987,Southern Cal,31,California,14,-10.0
09/26/1987,South Carolina,6,Georgia,13,5.0
09/26/1987,San Diego State,20,Oregon,25,7.0
09/26/1987,Sam Houston State,34,Houston,38, 
09/26/1987,San Jose State,24,Stanford,17, 
09/26/1987,UL-Lafayette,0,Oklahoma State,36, 
09/26/1987,Texas State,28,Rice,38, 
09/26/1987,Syracuse,35,Virginia Tech,21,-6.5
09/26/1987,Texas Tech,22,Baylor,36,1.5
09/26/1987,Texas A+M,27,Southern Miss,14,-11.5
09/26/1987,Washington State,17,Colorado,26,11.0
09/26/1987,Western Michigan,34,Bowling Green,27, 
10/02/1987,Utah State,24,Brigham Young,45, 
10/03/1987,Arkansas,20,Texas Christian,10,-11.0
10/03/1987,Auburn,20,North Carolina,10,-7.5
10/03/1987,Ball State,20,Miami-Ohio,30, 
10/03/1987,Baylor,30,Houston,18,-8.0
10/03/1987,Boston College,13,Pittsburgh,10,4.0
10/03/1987,Bowling Green,7,Arizona,45, 
10/03/1987,California,12,Tennessee,38,21.0
10/03/1987,Central Michigan,21,Kent State,24, 
10/03/1987,Colorado,29,Colorado State,16,-20.0
10/03/1987,Duke,0,Rutgers,7,5.5
10/03/1987,East Carolina,0,West Virginia,49,11.5
10/03/1987,Eastern Illinois,10,Akron,24, 
10/03/1987,Florida,10,Louisiana State,13,3.0
10/03/1987,Fullerton State,19,San Jose State,46, 
10/03/1987,Georgia,31,Mississippi,14,-6.0
10/03/1987,Georgia Tech,0,No Carolina State,17,-6.5
10/03/1987,Long Beach State,7,Fresno State,30, 
10/03/1987,Michigan State,19,Iowa,14,9.8
10/03/1987,Memphis,6,Mississippi State,9,3.0
10/03/1987,Miami-Florida,26,Florida State,25,-3.0
10/03/1987,Navy,11,Virginia Tech,31,21.0
10/03/1987,Nevada-Reno,19,Nevada-Las Vegas,24, 
10/03/1987,Northern Illinois,31,Eastern Michigan,32, 
10/03/1987,New Mexico State,7,Pacific,23, 
10/03/1987,Northwestern,18,Indiana,35,15.0
10/03/1987,Ohio,0,Kentucky,28, 
10/03/1987,Ohio State,10,Illinois,6,-10.5
10/03/1987,Oklahoma,56,Iowa State,3,-45.5
10/03/1987,Oregon State,14,Southern Cal,48,23.5
10/03/1987,Purdue,19,Minnesota,21,14.0
10/03/1987,Rice,26,Texas,45,21.5
10/03/1987,South Carolina,21,Nebraska,30,17.5
10/03/1987,San Diego State,10,Wyoming,52,6.5
10/03/1987,Southern Illinois,15,Kansas,16, 
10/03/1987,Southern Miss,65,Louisville,6,-5.0
10/03/1987,UL-Lafayette,10,Alabama,38, 
10/03/1987,Syracuse,24,Missouri,13,-6.0
10/03/1987,Temple,13,Penn State,27,17.0
10/03/1987,Toledo,14,Western Michigan,21, 
10/03/1987,Tulsa,37,Kansas State,25,-9.0
10/03/1987,Texas A+M,21,Texas Tech,27,-9.0
10/03/1987,U.C.L.A.,49,Stanford,0,-13.5
10/03/1987,Utah,27,Air Force,48,11.0
10/03/1987,UTEP,16,Arizona State,35,18.0
10/03/1987,Vanderbilt,17,Tulane,27,1.0
10/03/1987,Virginia Military,0,Virginia,30, 
10/03/1987,Washington,22,Oregon,29,-9.5
10/03/1987,Wake Forest,17,Army,13,0.0
10/03/1987,Wisconsin,0,Michigan,49,24.0
10/03/1987,Yale,10,Hawaii,62,29.5
10/10/1987,Air Force,23,Navy,13,-21.0
10/10/1987,Akron,26,Oregon State,42, 
10/10/1987,Alabama,10,Memphis,13,-16.0
10/10/1987,Arizona,23,California,23,-10.0
10/10/1987,Arkansas,31,Texas Tech,0,-7.0
10/10/1987,Army,24,Boston College,29,19.5
10/10/1987,Arizona State,14,Washington,27,1.0
10/10/1987,Bowling Green,28,Ohio,7, 
10/10/1987,Cincinnati,28,East Carolina,56,3.0
10/10/1987,Colorado,17,Oklahoma State,42,6.0
10/10/1987,Eastern Michigan,6,Central Michigan,16, 
10/10/1987,Florida State,61,Southern Miss,10,-19.0
10/10/1987,Fullerton State,0,Florida,65, 
10/10/1987,Hawaii,41,New Mexico,31,-2.5
10/10/1987,Houston,17,Texas A+M,22,21.5
10/10/1987,Illinois,3,Purdue,9,-5.0
10/10/1987,Indiana,31,Ohio State,10,14.5
10/10/1987,Indiana State,0,Georgia Tech,38, 
10/10/1987,Iowa,31,Wisconsin,10,-17.0
10/10/1987,Kansas,2,Nebraska,54,48.0
10/10/1987,Kent State,23,Ball State,24, 
10/10/1987,Kansas State,10,Missouri,34,24.0
10/10/1987,Long Beach State,9,Pacific,6, 
10/10/1987,Louisiana State,26,Georgia,23,0.0
10/10/1987,Marshall,34,Louisville,31, 
10/10/1987,Maryland,16,Miami-Florida,46,26.0
10/10/1987,Miami-Ohio,17,Western Michigan,0, 
10/10/1987,Michigan,11,Michigan State,17,-6.0
10/10/1987,Minnesota,45,Northwestern,33,-12.5
10/10/1987,Mississippi,6,Kentucky,35,6.0
10/10/1987,Notre Dame,22,Pittsburgh,30,-7.5
10/10/1987,New Mexico State,6,San Jose State,57, 
10/10/1987,Northern Iowa,38,Iowa State,39, 
10/10/1987,Northwestern St(LA),3,UL-Lafayette,13, 
10/10/1987,Oklahoma,44,Texas,9,-30.0
10/10/1987,Rutgers,21,Penn State,35,15.0
10/10/1987,Southern Cal,27,Oregon,34,-7.0
10/10/1987,Southern Illinois,0,Fresno State,35, 
10/10/1987,Stanford,44,Washington State,7,6.0
10/10/1987,Texas State,15,Baylor,36, 
10/10/1987,Texas Christian,30,Rice,16,-10.0
10/10/1987,Toledo,5,Northern Illinois,41, 
10/10/1987,Tulsa,24,Temple,17,12.0
10/10/1987,Utah,24,Colorado State,23,-2.0
10/10/1987,UTEP,34,San Diego State,33,-1.0
10/10/1987,Utah State,27,Nevada-Las Vegas,28, 
10/10/1987,Vanderbilt,15,Auburn,48,25.0
10/10/1987,Virginia,21,Clemson,38,18.0
10/10/1987,Virginia Tech,10,South Carolina,40,17.0
10/10/1987,Wake Forest,22,North Carolina,14,12.0
10/10/1987,Wyoming,29,Brigham Young,27,2.5
10/16/1987,Indiana,18,Minnesota,17,2.0
10/17/1987,Auburn,20,Georgia Tech,10,-14.5
10/17/1987,Ball State,28,Eastern Michigan,35, 
10/17/1987,Boston College,24,Rutgers,38,-5.5
10/17/1987,Cincinnati,17,West Virginia,45,18.0
10/17/1987,Colgate,22,Army,20, 
10/17/1987,Delaware State,52,Akron,26, 
10/17/1987,Duke,10,Clemson,17,22.0
10/17/1987,East Carolina,32,Virginia Tech,23,5.5
10/17/1987,Fullerton State,28,Nevada-Las Vegas,14, 
10/17/1987,Georgia,52,Vanderbilt,24,-15.0
10/17/1987,Houston,35,Wyoming,37,13.5
10/17/1987,Iowa,10,Michigan,37,6.5
10/17/1987,Kansas,10,Colorado,35,30.0
10/17/1987,Kentucky,9,Louisiana State,34,11.5
10/17/1987,Lamar,14,UTEP,38, 
10/17/1987,Louisville,9,Florida State,32,47.0
10/17/1987,Michigan State,38,Northwestern,0,-18.0
10/17/1987,Maryland,14,Wake Forest,0,3.5
10/17/1987,Missouri,42,Iowa State,17,-12.5
10/17/1987,Mississippi State,14,Southern Miss,18,3.5
10/17/1987,Navy,38,Pennsylvania,28,-3.0
10/17/1987,North Carolina,17,No Carolina State,14,-4.5
10/17/1987,Notre Dame,35,Air Force,14,-12.0
10/17/1987,Nebraska,35,Oklahoma State,0,-10.5
10/17/1987,New Mexico,13,Colorado State,35,3.0
10/17/1987,New Mexico State,6,Long Beach State,33, 
10/17/1987,North Texas,10,Texas Christian,19, 
10/17/1987,Ohio,9,Miami-Ohio,10, 
10/17/1987,Ohio State,20,Purdue,17,-12.5
10/17/1987,Oklahoma,59,Kansas State,10,-57.5
10/17/1987,Oregon,10,U.C.L.A.,41,17.0
10/17/1987,Oregon State,17,Arizona,31,22.0
10/17/1987,Pacific,13,Utah State,17, 
10/17/1987,Penn State,21,Syracuse,48,-2.0
10/17/1987,Rice,7,Texas Tech,59,15.5
10/17/1987,Southern Cal,37,Washington,23,4.0
10/17/1987,San Jose State,20,Fresno State,16, 
10/17/1987,Stanford,44,San Diego State,40,-5.0
10/17/1987,UL-Lafayette,14,Mississippi,24, 
10/17/1987,Missouri State,21,Northern Illinois,27, 
10/17/1987,Temple,3,Florida,34,23.0
10/17/1987,Tennessee,22,Alabama,41,-2.5
10/17/1987,Texas,16,Arkansas,14,8.5
10/17/1987,Toledo,6,Bowling Green,20, 
10/17/1987,Tulane,36,Memphis,45,0.0
10/17/1987,Tulsa,18,Central Michigan,41, 
10/17/1987,Texas A+M,34,Baylor,10,-4.5
10/17/1987,Utah,14,Hawaii,25,8.5
10/17/1987,Virginia,10,South Carolina,58,14.5
10/17/1987,Washington State,7,Arizona State,38,17.5
10/17/1987,Wisconsin,14,Illinois,16,11.0
10/17/1987,Western Michigan,13,Kent State,27, 
10/24/1987,Akron,10,Louisville,31, 
10/24/1987,Arizona,28,Washington State,45,-8.5
10/24/1987,Arizona State,30,Oregon State,21,-19.5
10/24/1987,Brigham Young,16,Hawaii,14,-2.5
10/24/1987,California,18,U.C.L.A.,42,28.0
10/24/1987,Central Michigan,3,Ball State,13, 
10/24/1987,Colgate,6,Syracuse,52, 
10/24/1987,Colorado,6,Oklahoma,24,34.0
10/24/1987,Duke,22,Maryland,23,8.0
10/24/1987,East Carolina,12,South Carolina,34,23.0
10/24/1987,Eastern Michigan,23,Western Michigan,17, 
10/24/1987,Fresno State,22,Pacific,23, 
10/24/1987,Fullerton State,21,Northern Illinois,20, 
10/24/1987,Georgia Tech,15,Tennessee,29,15.5
10/24/1987,Houston,17,Arkansas,21,17.0
10/24/1987,Iowa State,42,Kansas,28,-4.0
10/24/1987,Illinois,14,Michigan State,14,16.5
10/24/1987,Kent State,24,Ohio,10, 
10/24/1987,Kansas State,3,Nebraska,56,52.0
10/24/1987,Kentucky,14,Georgia,17,10.0
10/24/1987,McNeese State,13,New Mexico State,32, 
10/24/1987,Miami-Florida,48,Cincinnati,10,-38.0
10/24/1987,Miami-Ohio,25,Toledo,37, 
10/24/1987,Michigan,10,Indiana,14,-8.5
10/24/1987,Minnesota,9,Ohio State,42,11.0
10/24/1987,Mississippi State,7,Auburn,38,25.5
10/24/1987,No Carolina State,30,Clemson,28,19.0
10/24/1987,Northwestern,27,Wisconsin,24,6.5
10/24/1987,Oklahoma State,24,Missouri,20,-3.0
10/24/1987,Oregon,10,Stanford,13,-1.0
10/24/1987,Pittsburgh,10,Navy,6,-26.0
10/24/1987,Purdue,14,Iowa,38,17.0
10/24/1987,Rutgers,27,Army,14,-6.5
10/24/1987,Southern Cal,15,Notre Dame,26,6.0
10/24/1987,San Diego State,52,Long Beach State,42, 
10/24/1987,Southern Miss,17,Memphis,14,2.0
10/24/1987,UL-Lafayette,17,UL-Monroe,7, 
10/24/1987,Texas Christian,24,Baylor,0,3.0
10/24/1987,Tulsa,7,Texas Tech,42,14.0
10/24/1987,Texas A+M,34,Rice,21,-25.0
10/24/1987,Nevada-Las Vegas,24,San Jose State,48, 
10/24/1987,UTEP,7,Air Force,35,6.0
10/24/1987,Utah State,41,Utah,36, 
10/24/1987,Vanderbilt,14,Mississippi,42,7.0
10/24/1987,Virginia Tech,38,Tulane,57,6.5
10/24/1987,Wake Forest,21,Virginia,35,-1.5
10/24/1987,West Virginia,37,Boston College,16,1.0
10/31/1987,Air Force,13,Brigham Young,24,1.0
10/31/1987,Arkansas State,21,Memphis,21, 
10/31/1987,Arizona,23,Stanford,13,-1.0
10/31/1987,Arkansas,38,Rice,14,-23.0
10/31/1987,Bowling Green,7,Miami-Ohio,17, 
10/31/1987,California,20,Oregon,6,9.5
10/31/1987,Colorado,42,Iowa State,10,-17.0
10/31/1987,Colorado State,15,Wyoming,20,16.0
10/31/1987,Florida,6,Auburn,29,1.5
10/31/1987,Georgia Tech,14,Duke,48,1.5
10/31/1987,Houston,7,Texas Christian,35,7.5
10/31/1987,Indiana,21,Iowa,29,6.5
10/31/1987,Jackson State,7,Southern Miss,17, 
10/31/1987,Kansas State,7,Oklahoma State,56,30.5
10/31/1987,Louisville,22,Tulsa,26,5.0
10/31/1987,Louisiana State,42,Mississippi,13,-13.5
10/31/1987,Louisiana Tech,3,Texas A+M,32, 
10/31/1987,Michigan State,13,Ohio State,7,3.5
10/31/1987,Miami-Florida,41,East Carolina,3,-30.5
10/31/1987,Minnesota,17,Illinois,27,2.5
10/31/1987,Mississippi State,18,Alabama,21,23.0
10/31/1987,Navy,13,Notre Dame,56,34.0
10/31/1987,North Carolina,27,Maryland,14,-2.5
10/31/1987,No Carolina State,0,South Carolina,48,17.0
10/31/1987,Nebraska,42,Missouri,7,-20.5
10/31/1987,Nicholls State,17,Akron,23, 
10/31/1987,Northern Illinois,17,Ball State,42, 
10/31/1987,New Mexico,0,UTEP,34,17.5
10/31/1987,New Mexico State,14,Fullerton State,48, 
10/31/1987,Northwestern,6,Michigan,29,31.0
10/31/1987,Ohio,16,Eastern Michigan,34, 
10/31/1987,Oklahoma,71,Kansas,10,-54.0
10/31/1987,Oregon State,12,Washington,28,22.0
10/31/1987,Rutgers,13,Vanderbilt,27,-6.5
10/31/1987,San Diego State,29,Hawaii,21,7.0
10/31/1987,San Jose State,24,Utah State,14, 
10/31/1987,Syracuse,24,Pittsburgh,10,-3.5
10/31/1987,Temple,7,Army,17,-4.0
10/31/1987,Tennessee,18,Boston College,20,-6.5
10/31/1987,Tennessee Tech,17,Cincinnati,38, 
10/31/1987,Toledo,13,Kent State,17, 
10/31/1987,Texas Tech,27,Texas,41,6.0
10/31/1987,Tulane,14,Florida State,73,28.5
10/31/1987,U.C.L.A.,31,Arizona State,23,-6.5
10/31/1987,Nevada-Las Vegas,10,Fresno State,45, 
10/31/1987,Utah,31,Boise State,27, 
10/31/1987,Virginia Tech,7,Kentucky,14,18.0
10/31/1987,Washington State,7,Southern Cal,42,18.5
10/31/1987,Wake Forest,17,Clemson,31,17.0
10/31/1987,Wisconsin,14,Purdue,49,6.5
10/31/1987,Western Michigan,27,Central Michigan,30, 
10/31/1987,West Virginia,21,Penn State,25,7.0
11/05/1987,Eastern Michigan,38,Toledo,9, 
11/07/1987,Alabama,22,Louisiana State,10,7.5
11/07/1987,Army,10,Air Force,27,16.0
11/07/1987,Ball State,16,Western Michigan,31, 
11/07/1987,Baylor,7,Arkansas,10,14.0
11/07/1987,Boston College,25,Notre Dame,32,16.0
11/07/1987,Cincinnati,16,Indiana State,40, 
11/07/1987,Clemson,13,North Carolina,10,-2.5
11/07/1987,Central Michigan,31,Ohio,17, 
11/07/1987,Colorado State,38,Hawaii,39,7.5
11/07/1987,Duke,27,Wake Forest,30,0.0
11/07/1987,East Tennessee St,29,No Carolina State,14, 
11/07/1987,Florida,10,Georgia,23,-3.0
11/07/1987,Florida State,34,Auburn,6,-3.5
11/07/1987,Fullerton State,17,Fresno State,21, 
11/07/1987,Iowa State,3,Nebraska,42,48.0
11/07/1987,Illinois,22,Indiana,34,7.0
11/07/1987,Iowa,52,Northwestern,24,-20.5
11/07/1987,Kansas,17,Kansas State,17,2.5
11/07/1987,Kent State,20,Bowling Green,30, 
11/07/1987,Kentucky,29,Vanderbilt,38,-5.0
11/07/1987,Long Beach State,17,Nevada-Las Vegas,30, 
11/07/1987,Louisville,10,Tennessee,41,28.0
11/07/1987,Memphis,7,UL-Lafayette,31, 
11/07/1987,Miami-Ohio,3,Miami-Florida,54, 
11/07/1987,Michigan,30,Minnesota,20,-13.0
11/07/1987,Missouri,10,Colorado,27,8.0
11/07/1987,UL-Monroe,34,Southern Miss,24, 
11/07/1987,Northern Arizona,24,Tulsa,20, 
11/07/1987,Ohio State,24,Wisconsin,26,-18.5
11/07/1987,Oklahoma State,10,Oklahoma,29,28.5
11/07/1987,Oregon,17,Arizona State,37,13.5
11/07/1987,Pacific,17,San Jose State,42, 
11/07/1987,Penn State,21,Maryland,16,-7.5
11/07/1987,Pittsburgh,17,Rutgers,0,-7.5
11/07/1987,Purdue,3,Michigan State,45,18.0
11/07/1987,San Diego State,21,Brigham Young,38,9.5
11/07/1987,Stanford,24,Southern Cal,39,14.5
11/07/1987,Syracuse,34,Navy,10,-29.0
11/07/1987,Texas Christian,35,Texas Tech,36,0.0
11/07/1987,Temple,26,East Carolina,31,5.0
11/07/1987,Texas,40,Houston,60,-10.0
11/07/1987,Tulane,30,Mississippi State,19,4.0
11/07/1987,U.C.L.A.,52,Oregon State,17,-26.0
11/07/1987,UTEP,30,Utah,24,-6.5
11/07/1987,Utah State,25,New Mexico State,6, 
11/07/1987,Virginia,23,Georgia Tech,14,-1.0
11/07/1987,Virginia Tech,16,West Virginia,28,16.5
11/07/1987,Washington,21,Arizona,21,-1.5
11/07/1987,Western Illinois,14,Northern Illinois,29, 
11/07/1987,Wyoming,59,New Mexico,16,-17.5
11/14/1987,Air Force,73,New Mexico,26,-21.0
11/14/1987,Akron,27,Northern Illinois,21, 
11/14/1987,Alabama,6,Notre Dame,37,7.0
11/14/1987,Arizona,10,Southern Cal,12,11.0
11/14/1987,Arkansas,0,Texas A+M,14,6.0
11/14/1987,Auburn,27,Georgia,11,0.0
11/14/1987,Arizona State,20,California,38,-8.0
11/14/1987,Boston College,17,Syracuse,45,12.0
11/14/1987,Bowling Green,18,Eastern Michigan,38, 
11/14/1987,Brigham Young,37,UTEP,24,-3.5
11/14/1987,Colorado State,12,San Diego State,26,5.0
11/14/1987,East Carolina,34,Southern Miss,38,4.0
11/14/1987,Fresno State,13,Utah State,17, 
11/14/1987,Furman,10,Florida State,41, 
11/14/1987,Houston,37,Temple,7,-2.0
11/14/1987,Indiana,3,Michigan State,27,9.0
11/14/1987,Iowa,29,Ohio State,27,-1.5
11/14/1987,Kansas State,14,Iowa State,16,8.0
11/14/1987,Kentucky,14,Florida,27,12.5
11/14/1987,Lafayette,37,Army,49, 
11/14/1987,Long Beach State,16,San Jose State,44, 
11/14/1987,Louisville,8,Memphis,43,10.5
11/14/1987,Maryland,16,Clemson,45,11.0
11/14/1987,Miami-Ohio,10,Kent State,14, 
11/14/1987,Michigan,17,Illinois,14,-10.5
11/14/1987,Mississippi,13,Tennessee,55,12.0
11/14/1987,Missouri,13,Oklahoma,17,35.0
11/14/1987,Mississippi State,14,Louisiana State,34,25.0
11/14/1987,Navy,31,Delaware,22, 
11/14/1987,North Carolina,17,Virginia,20,-3.5
11/14/1987,No Carolina State,47,Duke,45,6.5
11/14/1987,Northwestern,15,Purdue,20,9.0
11/14/1987,Ohio,17,Ball State,30, 
11/14/1987,Oklahoma State,49,Kansas,17,-29.0
11/14/1987,Oregon,31,Washington State,17,1.5
11/14/1987,Pacific,22,Fullerton State,14, 
11/14/1987,Penn State,0,Pittsburgh,10,1.0
11/14/1987,Austin Peay,10,Cincinnati,42, 
11/14/1987,Rice,31,Baylor,34,15.0
11/14/1987,Rutgers,13,West Virginia,37,14.0
11/14/1987,South Carolina,30,Wake Forest,0,-18.0
11/14/1987,Stanford,38,Oregon State,7,-8.0
11/14/1987,UL-Lafayette,10,Tulane,38, 
11/14/1987,Texas Christian,21,Texas,24,3.0
11/14/1987,Toledo,17,Central Michigan,17, 
11/14/1987,Nevada-Las Vegas,29,New Mexico State,6, 
11/14/1987,Virginia Tech,13,Miami-Florida,27,37.5
11/14/1987,Washington,14,U.C.L.A.,47,14.5
11/14/1987,Wisconsin,19,Minnesota,22,11.5
11/14/1987,Wyoming,31,Utah,7,-14.5
11/21/1987,Air Force,34,Hawaii,31,-6.5
11/21/1987,Ball State,23,Indiana State,24, 
11/21/1987,Baylor,16,Texas,34,9.0
11/21/1987,California,7,Stanford,31,5.5
11/21/1987,Cincinnati,20,Virginia Tech,21,12.0
11/21/1987,Clemson,7,South Carolina,20,7.5
11/21/1987,Central Michigan,17,Bowling Green,18, 
11/21/1987,Colorado,41,Kansas State,0,-28.5
11/21/1987,Colorado State,28,UL-Lafayette,35, 
11/21/1987,Duke,25,North Carolina,10,7.5
11/21/1987,Fresno State,34,New Mexico State,10, 
11/21/1987,Iowa State,27,Oklahoma State,48,28.5
11/21/1987,Illinois,10,Northwestern,28,-9.5
11/21/1987,Kansas,7,Missouri,19,27.0
11/21/1987,Kent State,5,Pittsburgh,28, 
11/21/1987,Louisiana State,41,Tulane,36,-14.0
11/21/1987,Michigan State,30,Wisconsin,9,-21.0
11/21/1987,Maryland,24,Vanderbilt,34,2.0
11/21/1987,Memphis,14,Tulsa,0,-4.0
11/21/1987,Minnesota,20,Iowa,34,15.5
11/21/1987,Mississippi,20,Mississippi State,30,-2.5
11/21/1987,Montana,26,Fullerton State,43, 
11/21/1987,Notre Dame,20,Penn State,21,-7.0
11/21/1987,New Mexico,30,San Diego State,53,24.0
11/21/1987,Ohio State,23,Michigan,20,6.5
11/21/1987,Oklahoma,17,Nebraska,7,5.5
11/21/1987,Oregon State,0,Oregon,44,15.0
11/21/1987,Pacific,24,Nevada-Las Vegas,30, 
11/21/1987,Purdue,14,Indiana,35,12.5
11/21/1987,Rutgers,17,Temple,14,-1.5
11/21/1987,Tennessee,24,Kentucky,22,-6.0
11/21/1987,Toledo,14,Miami-Florida,24, 
11/21/1987,Texas Tech,10,Houston,10,-2.5
11/21/1987,Texas A+M,42,Texas Christian,24,-3.5
11/21/1987,U.C.L.A.,13,Southern Cal,17,-8.0
11/21/1987,Utah,18,Brigham Young,21,21.5
11/21/1987,Utah State,17,Long Beach State,14, 
11/21/1987,Virginia,34,No Carolina State,31,-2.5
11/21/1987,Washington State,19,Washington,34,14.5
11/21/1987,Wake Forest,33,Georgia Tech,6,3.0
11/21/1987,Western Michigan,31,Ohio,13, 
11/21/1987,West Virginia,31,Syracuse,32,14.0
11/21/1987,Wyoming,37,UTEP,13,-7.0
11/21/1987,Youngstown State,10,Akron,6, 
11/26/1987,Texas,13,Texas A+M,20,7.5
11/27/1987,Alabama,0,Auburn,10,4.0
11/28/1987,Arizona,24,Arizona State,24,5.0
11/28/1987,California,17,Washington State,17,-2.5
11/28/1987,Florida State,28,Florida,14,-9.5
11/28/1987,Georgia,30,Georgia Tech,16,-19.5
11/28/1987,Houston,45,Rice,21,-10.0
11/28/1987,Notre Dame,0,Miami-Florida,24,6.5
11/28/1987,Nebraska,24,Colorado,7,-14.0
11/28/1987,Northern Illinois,34,Nevada-Las Vegas,31, 
11/28/1987,New Mexico,25,Arkansas,43,36.0
11/28/1987,Southern Miss,30,UL-Lafayette,37, 
11/28/1987,Vanderbilt,36,Tennessee,38,15.0
11/28/1987,Wyoming,24,Hawaii,20,-9.0
12/04/1987,Brigham Young,30,Colorado State,26,-12.0
12/05/1987,Arkansas,38,Hawaii,20,8.5
12/05/1987,Army,17,Navy,3,-7.0
12/05/1987,South Carolina,16,Miami-Florida,20,7.0
