<?xml version="1.0" encoding="UTF-8"?> 
<scores>
<league>College Football</league><year>2002</year><season>Bowls</season>
<date day="2002-12-17">
<game info="New Orleans Bowl"> 
<team tnum="1"><name>Cincinnati</name><score>19</score><line>-7.5</line></team>
<team tnum="2"><name>North Texas</name><score>24</score><line>7.5</line></team>
</game>
</date>
<date day="2002-12-18">
<game info="GMAC Bowl"> 
<team tnum="1"><name>Marshall</name><score>38</score><line>-3.0</line></team>
<team tnum="2"><name>Louisville</name><score>15</score><line>3</line></team>
</game>
</date>
<date day="2002-12-23">
<game info="Tangerine Bowl"> 
<team tnum="1"><name>Texas Tech</name><score>55</score><line>-4.5</line></team>
<team tnum="2"><name>Clemson</name><score>15</score><line>4.5</line></team>
</game>
</date>
<date day="2002-12-25">
<game info="Las Vegas Bowl"> 
<team tnum="1"><name>New Mexico</name><score>13</score><line>9.5</line></team>
<team tnum="2"><name>U.C.L.A.</name><score>27</score><line>-9.5</line></team>
</game>
<game info="Hawaii Bowl"> 
<team tnum="1"><name>Tulane</name><score>36</score><line>13.5</line></team>
<team tnum="2"><name>Hawaii</name><score>28</score><line>-13.5</line></team>
</game>
</date>
<date day="2002-12-26">
<game info="Motor City Bowl"> 
<team tnum="1"><name>Boston College</name><score>51</score><line>-4.0</line></team>
<team tnum="2"><name>Toledo</name><score>25</score><line>4</line></team>
</game>
<game info="Insight Bowl"> 
<team tnum="1"><name>Pittsburgh</name><score>38</score><line>2.0</line></team>
<team tnum="2"><name>Oregon State</name><score>13</score><line>-2</line></team>
</game>
</date>
<date day="2002-12-27">
<game info="Houston Bowl"> 
<team tnum="1"><name>Southern Miss</name><score>23</score><line>9.5</line></team>
<team tnum="2"><name>Oklahoma State</name><score>33</score><line>-9.5</line></team>
</game>
<game info="Independence Bowl"> 
<team tnum="1"><name>Nebraska</name><score>23</score><line>-6.5</line></team>
<team tnum="2"><name>Mississippi</name><score>27</score><line>6.5</line></team>
</game>
<game info="Holiday Bowl"> 
<team tnum="1"><name>Kansas State</name><score>34</score><line>-17.0</line></team>
<team tnum="2"><name>Arizona State</name><score>27</score><line>17</line></team>
</game>
</date>
<date day="2002-12-28">
<game info="Continental Tire Bowl"> 
<team tnum="1"><name>West Virginia</name><score>22</score><line>-5.5</line></team>
<team tnum="2"><name>Virginia</name><score>48</score><line>5.5</line></team>
</game>
<game info="Alamo Bowl"> 
<team tnum="1"><name>Wisconsin</name><score>31</score><line>7.0</line></team>
<team tnum="2"><name>Colorado</name><score>28</score><line>-7</line></team>
</game>
</date>
<date day="2002-12-30">
<game info="Music City Bowl"> 
<team tnum="1"><name>Minnesota</name><score>29</score><line>8.5</line></team>
<team tnum="2"><name>Arkansas</name><score>14</score><line>-8.5</line></team>
</game>
<game info="Seattle Bowl"> 
<team tnum="1"><name>Wake Forest</name><score>38</score><line>8.0</line></team>
<team tnum="2"><name>Oregon</name><score>17</score><line>-8</line></team>
</game>
</date>
<date day="2002-12-31">
<game info="Humanitarian Bowl"> 
<team tnum="1"><name>Iowa State</name><score>16</score><line>12.0</line></team>
<team tnum="2"><name>Boise State</name><score>34</score><line>-12</line></team>
</game>
<game info="Sun Bowl"> 
<team tnum="1"><name>Purdue</name><score>34</score><line>2.0</line></team>
<team tnum="2"><name>Washington</name><score>24</score><line>-2</line></team>
</game>
<game info="Liberty Bowl"> 
<team tnum="1"><name>Colorado State</name><score>3</score><line>-3.0</line></team>
<team tnum="2"><name>Texas Christian</name><score>17</score><line>3</line></team>
</game>
<game info="Silicon Valley Bowl"> 
<team tnum="1"><name>Georgia Tech</name><score>21</score><line>-6.5</line></team>
<team tnum="2"><name>Fresno State</name><score>30</score><line>6.5</line></team>
</game>
<game info="Peach Bowl"> 
<team tnum="1"><name>Tennessee</name><score>3</score><line>0.0</line></team>
<team tnum="2"><name>Maryland</name><score>30</score><line>0</line></team>
</game>
<game info="San Francisco Bowl"> 
<team tnum="1"><name>Virginia Tech</name><score>20</score><line>-11.0</line></team>
<team tnum="2"><name>Air Force</name><score>13</score><line>11</line></team>
</game>
</date>
<date day="2003-01-01">
<game info="Cotton Bowl"> 
<team tnum="1"><name>Louisiana State</name><score>20</score><line>10.5</line></team>
<team tnum="2"><name>Texas</name><score>35</score><line>-10.5</line></team>
</game>
<game info="Outback Bowl"> 
<team tnum="1"><name>Michigan</name><score>38</score><line>0.0</line></team>
<team tnum="2"><name>Florida</name><score>30</score><line>0</line></team>
</game>
<game info="Gator Bowl"> 
<team tnum="1"><name>Notre Dame</name><score>6</score><line>0.0</line></team>
<team tnum="2"><name>No Carolina State</name><score>28</score><line>0</line></team>
</game>
<game info="Capital One Bowl"> 
<team tnum="1"><name>Penn State</name><score>9</score><line>-7.5</line></team>
<team tnum="2"><name>Auburn</name><score>13</score><line>7.5</line></team>
</game>
<game info="Rose Bowl"> 
<team tnum="1"><name>Oklahoma</name><score>34</score><line>-5.0</line></team>
<team tnum="2"><name>Washington State</name><score>14</score><line>5</line></team>
</game>
<game info="Sugar Bowl"> 
<team tnum="1"><name>Florida State</name><score>13</score><line>7.0</line></team>
<team tnum="2"><name>Georgia</name><score>26</score><line>-7</line></team>
</game>
</date>
<date day="2003-01-02">
<game info="Orange Bowl"> 
<team tnum="1"><name>Iowa</name><score>17</score><line>4.5</line></team>
<team tnum="2"><name>Southern Cal</name><score>38</score><line>-4.5</line></team>
</game>
</date>
<date day="2003-01-03">
<game info="Fiesta Bowl"> 
<team tnum="1"><name>Ohio State</name><score>31</score><line>11.0</line></team>
<team tnum="2"><name>Miami-Florida</name><score>24</score><line>-11</line></team>
</game>
</date>
</scores>
