<?xml version="1.0" encoding="UTF-8"?> 
<scores>
<league>College Football</league><year>1992</year><season>Bowls</season>
<date day="1992-12-25">
<game info="Aloha Bowl"> 
<team tnum="1"><name>Brigham Young</name><score>20</score><line>-2.0</line></team>
<team tnum="2"><name>Kansas</name><score>23</score><line>2</line></team>
</game>
</date>
<date day="1992-12-29">
<game info="Freedom Bowl"> 
<team tnum="1"><name>Fresno State</name><score>24</score><line>8.0</line></team>
<team tnum="2"><name>Southern Cal</name><score>7</score><line>-8</line></team>
</game>
<game info="Copper Bowl"> 
<team tnum="1"><name>Utah</name><score>28</score><line>9.0</line></team>
<team tnum="2"><name>Washington State</name><score>31</score><line>-9</line></team>
</game>
</date>
<date day="1992-12-30">
<game info="Holiday Bowl"> 
<team tnum="1"><name>Hawaii</name><score>27</score><line>1.0</line></team>
<team tnum="2"><name>Illinois</name><score>17</score><line>-1</line></team>
</game>
</date>
<date day="1992-12-31">
<game info="Liberty Bowl"> 
<team tnum="1"><name>Air Force</name><score>0</score><line>9.0</line></team>
<team tnum="2"><name>Mississippi</name><score>13</score><line>-9</line></team>
</game>
<game info="Sun Bowl"> 
<team tnum="1"><name>Arizona</name><score>15</score><line>-6.5</line></team>
<team tnum="2"><name>Baylor</name><score>20</score><line>6.5</line></team>
</game>
<game info="Gator Bowl"> 
<team tnum="1"><name>Florida</name><score>27</score><line>1.5</line></team>
<team tnum="2"><name>No Carolina State</name><score>10</score><line>-1.5</line></team>
</game>
<game info="Independence Bowl"> 
<team tnum="1"><name>Oregon</name><score>35</score><line>-3.5</line></team>
<team tnum="2"><name>Wake Forest</name><score>39</score><line>3.5</line></team>
</game>
</date>
<date day="1993-01-01">
<game info="Sugar Bowl"> 
<team tnum="1"><name>Alabama</name><score>34</score><line>-13.0</line></team>
<team tnum="2"><name>Miami-Florida</name><score>13</score><line>13</line></team>
</game>
<game info="Hall of Fame Bowl"> 
<team tnum="1"><name>Boston College</name><score>23</score><line>3.5</line></team>
<team tnum="2"><name>Tennessee</name><score>38</score><line>-3.5</line></team>
</game>
<game info="Fiesta Bowl"> 
<team tnum="1"><name>Colorado</name><score>22</score><line>2.5</line></team>
<team tnum="2"><name>Syracuse</name><score>26</score><line>-2.5</line></team>
</game>
<game info="Orange Bowl"> 
<team tnum="1"><name>Florida State</name><score>27</score><line>-10.5</line></team>
<team tnum="2"><name>Nebraska</name><score>14</score><line>10.5</line></team>
</game>
<game info="Citrus Bowl"> 
<team tnum="1"><name>Georgia</name><score>21</score><line>-2.5</line></team>
<team tnum="2"><name>Ohio State</name><score>14</score><line>2.5</line></team>
</game>
<game info="Rose Bowl"> 
<team tnum="1"><name>Michigan</name><score>38</score><line>0.0</line></team>
<team tnum="2"><name>Washington</name><score>31</score><line>0</line></team>
</game>
<game info="Cotton Bowl"> 
<team tnum="1"><name>Notre Dame</name><score>28</score><line>-6.0</line></team>
<team tnum="2"><name>Texas A+M</name><score>3</score><line>6</line></team>
</game>
<game info="Blockbuster Bowl"> 
<team tnum="1"><name>Penn State</name><score>3</score><line>1.5</line></team>
<team tnum="2"><name>Stanford</name><score>24</score><line>-1.5</line></team>
</game>
</date>
<date day="1993-01-02">
<game info="Peach Bowl"> 
<team tnum="1"><name>Mississippi State</name><score>17</score><line>-2.5</line></team>
<team tnum="2"><name>North Carolina</name><score>21</score><line>2.5</line></team>
</game>
</date>
</scores>
