<?xml version="1.0" encoding="UTF-8"?> 
<scores>
<league>College Football</league><year>1980</year><season>Bowls</season>
<date day="1980-12-13">
<game info="Independence Bowl"> 
<team tnum="1"><name>McNeese State</name><score>14</score></team>
<team tnum="2"><name>Southern Miss</name><score>16</score></team>
</game>
</date>
<date day="1980-12-14">
<game info="Garden State Bowl"> 
<team tnum="1"><name>Houston</name><score>35</score><line>-5.0</line></team>
<team tnum="2"><name>Navy</name><score>0</score><line>5</line></team>
</game>
</date>
<date day="1980-12-19">
<game info="Holiday Bowl"> 
<team tnum="1"><name>Brigham Young</name><score>46</score><line>0.0</line></team>
<team tnum="2"><name>S-M-U</name><score>45</score><line>0</line></team>
</game>
</date>
<date day="1980-12-20">
<game info="Tangerine Bowl"> 
<team tnum="1"><name>Florida</name><score>35</score><line>1.0</line></team>
<team tnum="2"><name>Maryland</name><score>20</score><line>-1</line></team>
</game>
</date>
<date day="1980-12-26">
<game info="Fiesta Bowl"> 
<team tnum="1"><name>Ohio State</name><score>19</score><line>0.0</line></team>
<team tnum="2"><name>Penn State</name><score>31</score><line>0</line></team>
</game>
</date>
<date day="1980-12-27">
<game info="Hall of Fame Bowl"> 
<team tnum="1"><name>Arkansas</name><score>34</score><line>-3.0</line></team>
<team tnum="2"><name>Tulane</name><score>15</score><line>3</line></team>
</game>
<game info="Liberty Bowl"> 
<team tnum="1"><name>Missouri</name><score>25</score><line>4.0</line></team>
<team tnum="2"><name>Purdue</name><score>28</score><line>-4</line></team>
</game>
<game info="Sun Bowl"> 
<team tnum="1"><name>Mississippi State</name><score>17</score><line>14.0</line></team>
<team tnum="2"><name>Nebraska</name><score>31</score><line>-14</line></team>
</game>
</date>
<date day="1980-12-29">
<game info="Gator Bowl"> 
<team tnum="1"><name>Pittsburgh</name><score>37</score><line>-10.0</line></team>
<team tnum="2"><name>South Carolina</name><score>9</score><line>10</line></team>
</game>
</date>
<date day="1980-12-31">
<game info="Bluebonnet Bowl"> 
<team tnum="1"><name>North Carolina</name><score>16</score><line>-1.0</line></team>
<team tnum="2"><name>Texas</name><score>7</score><line>1</line></team>
</game>
</date>
<date day="1981-01-01">
<game info="Cotton Bowl"> 
<team tnum="1"><name>Alabama</name><score>30</score><line>-3.0</line></team>
<team tnum="2"><name>Baylor</name><score>2</score><line>3</line></team>
</game>
<game info="Orange Bowl"> 
<team tnum="1"><name>Florida State</name><score>17</score><line>6.0</line></team>
<team tnum="2"><name>Oklahoma</name><score>18</score><line>-6</line></team>
</game>
<game info="Sugar Bowl"> 
<team tnum="1"><name>Georgia</name><score>17</score><line>2.0</line></team>
<team tnum="2"><name>Notre Dame</name><score>10</score><line>-2</line></team>
</game>
<game info="Rose Bowl"> 
<team tnum="1"><name>Michigan</name><score>23</score><line>-9.0</line></team>
<team tnum="2"><name>Washington</name><score>6</score><line>9</line></team>
</game>
</date>
<date day="1981-01-02">
<game info="Peach Bowl"> 
<team tnum="1"><name>Miami-Florida</name><score>20</score><line>-8.0</line></team>
<team tnum="2"><name>Virginia Tech</name><score>10</score><line>8</line></team>
</game>
</date>
</scores>
