<?xml version="1.0" encoding="UTF-8"?> 
<scores>
<year>2009</year><league>College Football</league><season>Bowls</season>
<date day="2009-12-19">
<game info="New Mexico Bowl"><team tnum="1"><name>Wyoming</name><score>35</score><line>10.0</line></team>
<team tnum="2"><name>Fresno State</name><score>28</score><line>-10</line></team></game>
<game info="St Petersburg Bowl"><team tnum="1"><name>U-C-F</name><score>24</score><line>3.0</line></team>
<team tnum="2"><name>Rutgers</name><score>45</score><line>-3</line></team></game>
</date>
<date day="2009-12-20">
<game info="New Orleans Bowl"><team tnum="1"><name>Middle Tennessee</name><score>42</score><line>3.5</line></team>
<team tnum="2"><name>Southern Miss</name><score>32</score><line>-3.5</line></team></game>
</date>
<date day="2009-12-22">
<game info="Las Vegas Bowl"><team tnum="1"><name>Brigham Young</name><score>44</score><line>3.0</line></team>
<team tnum="2"><name>Oregon State</name><score>20</score><line>-3</line></team></game>
</date>
<date day="2009-12-23">
<game info="Poinsettia Bowl"><team tnum="1"><name>Utah</name><score>37</score><line>3.0</line></team>
<team tnum="2"><name>California</name><score>27</score><line>-3</line></team></game>
</date>
<date day="2009-12-24">
<game info="Hawaii Bowl"><team tnum="1"><name>S-M-U</name><score>45</score><line>11.0</line></team>
<team tnum="2"><name>Nevada-Reno</name><score>10</score><line>-11</line></team></game>
</date>
<date day="2009-12-26">
<game info="Little Caesars Pizza Bowl"><team tnum="1"><name>Ohio</name><score>17</score><line>-3.0</line></team>
<team tnum="2"><name>Marshall</name><score>21</score><line>3</line></team></game>
<game info="Meineke Car Care Bowl"><team tnum="1"><name>North Carolina</name><score>17</score><line>1.0</line></team>
<team tnum="2"><name>Pittsburgh</name><score>19</score><line>-1</line></team></game>
<game info="Emerald Bowl"><team tnum="1"><name>Boston College</name><score>13</score><line>7.0</line></team>
<team tnum="2"><name>Southern Cal</name><score>24</score><line>-7</line></team></game>
</date>
<date day="2009-12-27">
<game info="Music City Bowl"><team tnum="1"><name>Kentucky</name><score>13</score><line>6.5</line></team>
<team tnum="2"><name>Clemson</name><score>21</score><line>-6.5</line></team></game>
</date>
<date day="2009-12-28">
<game info="Independence Bowl"><team tnum="1"><name>Texas A+M</name><score>20</score><line>6.5</line></team>
<team tnum="2"><name>Georgia</name><score>44</score><line>-6.5</line></team></game>
</date>
<date day="2009-12-29">
<game info="EagleBank Bowl"><team tnum="1"><name>U.C.L.A.</name><score>30</score><line>-4.5</line></team>
<team tnum="2"><name>Temple</name><score>21</score><line>4.5</line></team></game>
<game info="Champs Sports Bowl"><team tnum="1"><name>Wisconsin</name><score>20</score><line>3.5</line></team>
<team tnum="2"><name>Miami-Florida</name><score>14</score><line>-3.5</line></team></game>
</date>
<date day="2009-12-30">
<game info="Humanitarian Bowl"><team tnum="1"><name>Bowling Green</name><score>42</score><line>1.0</line></team>
<team tnum="2"><name>Idaho</name><score>43</score><line>-1</line></team></game>
<game info="Holiday Bowl"><team tnum="1"><name>Nebraska</name><score>33</score><line>-2.5</line></team>
<team tnum="2"><name>Arizona</name><score>0</score><line>2.5</line></team></game>
</date>
<date day="2009-12-31">
<game info="Texas Bowl"><team tnum="1"><name>Navy</name><score>35</score><line>7.0</line></team>
<team tnum="2"><name>Missouri</name><score>13</score><line>-7</line></team></game>
<game info="Armed Forces Bowl"><team tnum="1"><name>Air Force</name><score>47</score><line>4.5</line></team>
<team tnum="2"><name>Houston</name><score>20</score><line>-4.5</line></team></game>
<game info="Sun Bowl"><team tnum="1"><name>Stanford</name><score>27</score><line>10.5</line></team>
<team tnum="2"><name>Oklahoma</name><score>31</score><line>-10.5</line></team></game>
<game info="Insight Bowl"><team tnum="1"><name>Iowa State</name><score>14</score><line>1.5</line></team>
<team tnum="2"><name>Minnesota</name><score>13</score><line>-1.5</line></team></game>
<game info="Chick-fil-A Bowl"><team tnum="1"><name>Tennessee</name><score>14</score><line>4.5</line></team>
<team tnum="2"><name>Virginia Tech</name><score>37</score><line>-4.5</line></team></game>
</date>
<date day="2010-01-01">
<game info="Outback Bowl"><team tnum="1"><name>Northwestern</name><score>35</score><line>9.0</line></team>
<team tnum="2"><name>Auburn</name><score>38</score><line>-9</line></team></game>
<game info="Gator Bowl"><team tnum="1"><name>Florida State</name><score>33</score><line>3.0</line></team>
<team tnum="2"><name>West Virginia</name><score>21</score><line>-3</line></team></game>
<game info="Capital One Bowl"><team tnum="1"><name>Louisiana State</name><score>17</score><line>-1.5</line></team>
<team tnum="2"><name>Penn State</name><score>19</score><line>1.5</line></team></game>
<game info="Rose Bowl"><team tnum="1"><name>Ohio State</name><score>26</score><line>5.0</line></team>
<team tnum="2"><name>Oregon</name><score>17</score><line>-5</line></team></game>
<game info="Sugar Bowl"><team tnum="1"><name>Cincinnati</name><score>24</score><line>12.5</line></team>
<team tnum="2"><name>Florida</name><score>51</score><line>-12.5</line></team></game>
</date>
<date day="2010-01-02">
<game info="International Bowl"><team tnum="1"><name>Northern Illinois</name><score>3</score><line>6.5</line></team>
<team tnum="2"><name>South Florida</name><score>27</score><line>-6.5</line></team></game>
<game info="Papajohns.com Bowl"><team tnum="1"><name>Connecticut</name><score>20</score><line>3.5</line></team>
<team tnum="2"><name>South Carolina</name><score>7</score><line>-3.5</line></team></game>
<game info="Cotton Bowl"><team tnum="1"><name>Mississippi</name><score>21</score><line>-3.0</line></team>
<team tnum="2"><name>Oklahoma State</name><score>7</score><line>3</line></team></game>
<game info="Liberty Bowl"><team tnum="1"><name>Arkansas</name><score>20</score><line>-7.5</line></team>
<team tnum="2"><name>East Carolina</name><score>17</score><line>7.5</line></team></game>
<game info="Alamo Bowl"><team tnum="1"><name>Michigan State</name><score>31</score><line>7.5</line></team>
<team tnum="2"><name>Texas Tech</name><score>41</score><line>-7.5</line></team></game>
</date>
<date day="2010-01-04">
<game info="Fiesta Bowl"><team tnum="1"><name>Boise State</name><score>17</score><line>7.0</line></team>
<team tnum="2"><name>Texas Christian</name><score>10</score><line>-7</line></team></game>
</date>
<date day="2010-01-05">
<game info="Orange Bowl"><team tnum="1"><name>Iowa</name><score>24</score><line>5.5</line></team>
<team tnum="2"><name>Georgia Tech</name><score>14</score><line>-5.5</line></team></game>
</date>
<date day="2010-01-06">
<game info="GMAC Bowl"><team tnum="1"><name>Troy</name><score>41</score><line>3.5</line></team>
<team tnum="2"><name>Central Michigan</name><score>44</score><line>-3.5</line></team></game>
</date>
<date day="2010-01-07">
<game info="BCS Title Game"><team tnum="1"><name>Texas</name><score>21</score><line>4.0</line></team>
<team tnum="2"><name>Alabama</name><score>37</score><line>-4</line></team></game>
</date>
</scores>
