<?xml version="1.0" encoding="UTF-8"?> 
<scores>
<league>College Football</league><year>1991</year><season>Bowls</season>
<date day="1991-12-14">
<game info="California Bowl"> 
<team tnum="1"><name>Bowling Green</name><score>28</score><line>15.0</line></team>
<team tnum="2"><name>Fresno State</name><score>21</score><line>-15</line></team>
</game>
</date>
<date day="1991-12-25">
<game info="Aloha Bowl"> 
<team tnum="1"><name>Georgia Tech</name><score>18</score><line>3.5</line></team>
<team tnum="2"><name>Stanford</name><score>17</score><line>-3.5</line></team>
</game>
</date>
<date day="1991-12-28">
<game info="Blockbuster Bowl"> 
<team tnum="1"><name>Alabama</name><score>30</score><line>0.0</line></team>
<team tnum="2"><name>Colorado</name><score>25</score><line>0</line></team>
</game>
</date>
<date day="1991-12-29">
<game info="Liberty Bowl"> 
<team tnum="1"><name>Air Force</name><score>38</score><line>10.0</line></team>
<team tnum="2"><name>Mississippi State</name><score>15</score><line>-10</line></team>
</game>
<game info="Independence Bowl"> 
<team tnum="1"><name>Arkansas</name><score>15</score><line>8.0</line></team>
<team tnum="2"><name>Georgia</name><score>24</score><line>-8</line></team>
</game>
<game info="Gator Bowl"> 
<team tnum="1"><name>Oklahoma</name><score>48</score><line>1.5</line></team>
<team tnum="2"><name>Virginia</name><score>14</score><line>-1.5</line></team>
</game>
</date>
<date day="1991-12-30">
<game info="Holiday Bowl"> 
<team tnum="1"><name>Brigham Young</name><score>13</score><line>4.0</line></team>
<team tnum="2"><name>Iowa</name><score>13</score><line>-4</line></team>
</game>
<game info="Freedom Bowl"> 
<team tnum="1"><name>San Diego State</name><score>17</score><line>-1.0</line></team>
<team tnum="2"><name>Tulsa</name><score>28</score><line>1</line></team>
</game>
</date>
<date day="1991-12-31">
<game info="Copper Bowl"> 
<team tnum="1"><name>Baylor</name><score>0</score><line>-3.5</line></team>
<team tnum="2"><name>Indiana</name><score>24</score><line>3.5</line></team>
</game>
<game info="Sun Bowl"> 
<team tnum="1"><name>Illinois</name><score>3</score><line>7.0</line></team>
<team tnum="2"><name>U.C.L.A.</name><score>6</score><line>-7</line></team>
</game>
</date>
<date day="1992-01-01">
<game info="Citrus Bowl"> 
<team tnum="1"><name>California</name><score>37</score><line>-1.5</line></team>
<team tnum="2"><name>Clemson</name><score>13</score><line>1.5</line></team>
</game>
<game info="Peach Bowl"> 
<team tnum="1"><name>East Carolina</name><score>37</score><line>-2.0</line></team>
<team tnum="2"><name>No Carolina State</name><score>34</score><line>2</line></team>
</game>
<game info="Sugar Bowl"> 
<team tnum="1"><name>Florida</name><score>28</score><line>-6.0</line></team>
<team tnum="2"><name>Notre Dame</name><score>39</score><line>6</line></team>
</game>
<game info="Cotton Bowl"> 
<team tnum="1"><name>Florida State</name><score>10</score><line>-7.0</line></team>
<team tnum="2"><name>Texas A+M</name><score>2</score><line>7</line></team>
</game>
<game info="Rose Bowl"> 
<team tnum="1"><name>Michigan</name><score>14</score><line>7.0</line></team>
<team tnum="2"><name>Washington</name><score>34</score><line>-7</line></team>
</game>
<game info="Orange Bowl"> 
<team tnum="1"><name>Nebraska</name><score>0</score><line>10.0</line></team>
<team tnum="2"><name>Miami-Florida</name><score>22</score><line>-10</line></team>
</game>
<game info="Hall of Fame Bowl"> 
<team tnum="1"><name>Ohio State</name><score>17</score><line>3.0</line></team>
<team tnum="2"><name>Syracuse</name><score>24</score><line>-3</line></team>
</game>
<game info="Fiesta Bowl"> 
<team tnum="1"><name>Penn State</name><score>42</score><line>-3.5</line></team>
<team tnum="2"><name>Tennessee</name><score>17</score><line>3.5</line></team>
</game>
</date>
</scores>
