<?xml version="1.0" encoding="UTF-8"?> 
<scores>
<league>College Football</league><year>1999</year><season>Bowls</season>
<date day="1999-12-18">
<game info="Las Vegas Bowl"> 
<team tnum="1"><name>Utah</name><score>17</score><line>-7.0</line></team>
<team tnum="2"><name>Fresno State</name><score>16</score><line>7</line></team>
</game>
</date>
<date day="1999-12-22">
<game info="Mobile Alabama Bowl"> 
<team tnum="1"><name>Texas Christian</name><score>28</score><line>5.0</line></team>
<team tnum="2"><name>East Carolina</name><score>14</score><line>-5</line></team>
</game>
</date>
<date day="1999-12-25">
<game info="Aloha Bowl"> 
<team tnum="1"><name>Wake Forest</name><score>23</score><line>3.5</line></team>
<team tnum="2"><name>Arizona State</name><score>3</score><line>-3.5</line></team>
</game>
<game info="Oahu Bowl"> 
<team tnum="1"><name>Oregon State</name><score>17</score><line>-8.5</line></team>
<team tnum="2"><name>Hawaii</name><score>23</score><line>8.5</line></team>
</game>
</date>
<date day="1999-12-27">
<game info="Motor City Bowl"> 
<team tnum="1"><name>Brigham Young</name><score>3</score><line>2.5</line></team>
<team tnum="2"><name>Marshall</name><score>21</score><line>-2.5</line></team>
</game>
</date>
<date day="1999-12-28">
<game info="Alamo Bowl"> 
<team tnum="1"><name>Texas A+M</name><score>0</score><line>6.0</line></team>
<team tnum="2"><name>Penn State</name><score>24</score><line>-6</line></team>
</game>
</date>
<date day="1999-12-29">
<game info="Music City Bowl"> 
<team tnum="1"><name>Syracuse</name><score>20</score><line>2.5</line></team>
<team tnum="2"><name>Kentucky</name><score>13</score><line>-2.5</line></team>
</game>
<game info="Holiday Bowl"> 
<team tnum="1"><name>Kansas State</name><score>24</score><line>-11.0</line></team>
<team tnum="2"><name>Washington</name><score>20</score><line>11</line></team>
</game>
</date>
<date day="1999-12-30">
<game info="Humanitarian Bowl"> 
<team tnum="1"><name>Louisville</name><score>31</score><line>-4.0</line></team>
<team tnum="2"><name>Boise State</name><score>34</score><line>4</line></team>
</game>
<game info="Micron PC Bowl"> 
<team tnum="1"><name>Illinois</name><score>63</score><line>2.5</line></team>
<team tnum="2"><name>Virginia</name><score>21</score><line>-2.5</line></team>
</game>
<game info="Peach Bowl"> 
<team tnum="1"><name>Mississippi State</name><score>17</score><line>2.5</line></team>
<team tnum="2"><name>Clemson</name><score>7</score><line>-2.5</line></team>
</game>
</date>
<date day="1999-12-31">
<game info="Insight Bowl"> 
<team tnum="1"><name>Colorado</name><score>62</score><line>-8.0</line></team>
<team tnum="2"><name>Boston College</name><score>28</score><line>8</line></team>
</game>
<game info="Sun Bowl"> 
<team tnum="1"><name>Minnesota</name><score>20</score><line>-2.0</line></team>
<team tnum="2"><name>Oregon</name><score>24</score><line>2</line></team>
</game>
<game info="Liberty Bowl"> 
<team tnum="1"><name>Colorado State</name><score>17</score><line>6.5</line></team>
<team tnum="2"><name>Southern Miss</name><score>23</score><line>-6.5</line></team>
</game>
<game info="Independence Bowl"> 
<team tnum="1"><name>Mississippi</name><score>27</score><line>3.5</line></team>
<team tnum="2"><name>Oklahoma</name><score>25</score><line>-3.5</line></team>
</game>
</date>
<date day="2000-01-01">
<game info="Cotton Bowl"> 
<team tnum="1"><name>Arkansas</name><score>27</score><line>7.0</line></team>
<team tnum="2"><name>Texas</name><score>6</score><line>-7</line></team>
</game>
<game info="Outback Bowl"> 
<team tnum="1"><name>Georgia</name><score>28</score><line>5.0</line></team>
<team tnum="2"><name>Purdue</name><score>25</score><line>-5</line></team>
</game>
<game info="Gator Bowl"> 
<team tnum="1"><name>Georgia Tech</name><score>13</score><line>5.0</line></team>
<team tnum="2"><name>Miami-Florida</name><score>28</score><line>-5</line></team>
</game>
<game info="Citrus Bowl"> 
<team tnum="1"><name>Michigan State</name><score>37</score><line>1.0</line></team>
<team tnum="2"><name>Florida</name><score>34</score><line>-1</line></team>
</game>
<game info="Rose Bowl"> 
<team tnum="1"><name>Wisconsin</name><score>17</score><line>-11.0</line></team>
<team tnum="2"><name>Stanford</name><score>9</score><line>11</line></team>
</game>
<game info="Orange Bowl"> 
<team tnum="1"><name>Michigan</name><score>35</score><line>2.0</line></team>
<team tnum="2"><name>Alabama</name><score>34</score><line>-2</line></team>
</game>
</date>
<date day="2000-01-02">
<game info="Fiesta Bowl"> 
<team tnum="1"><name>Tennessee</name><score>21</score><line>4.0</line></team>
<team tnum="2"><name>Nebraska</name><score>31</score><line>-4</line></team>
</game>
</date>
<date day="2000-01-04">
<game info="Sugar Bowl"> 
<team tnum="1"><name>Virginia Tech</name><score>29</score><line>6.5</line></team>
<team tnum="2"><name>Florida State</name><score>46</score><line>-6.5</line></team>
</game>
</date>
</scores>
