<?xml version="1.0" encoding="UTF-8"?> 
<scores>
<league>College Football</league><year>1985</year><season>Bowls</season>
<date day="1985-12-14">
<game info="California Bowl"> 
<team tnum="1"><name>Bowling Green</name><score>7</score><line>-1.5</line></team>
<team tnum="2"><name>Fresno State</name><score>51</score><line>1.5</line></team>
</game>
</date>
<date day="1985-12-21">
<game info="Independence Bowl"> 
<team tnum="1"><name>Clemson</name><score>13</score><line>-4.0</line></team>
<team tnum="2"><name>Minnesota</name><score>20</score><line>4</line></team>
</game>
<game info="Cherry Bowl"> 
<team tnum="1"><name>Maryland</name><score>35</score><line>-7.5</line></team>
<team tnum="2"><name>Syracuse</name><score>18</score><line>7.5</line></team>
</game>
</date>
<date day="1985-12-22">
<game info="Holiday Bowl"> 
<team tnum="1"><name>Arizona State</name><score>17</score><line>1.5</line></team>
<team tnum="2"><name>Arkansas</name><score>18</score><line>-1.5</line></team>
</game>
</date>
<date day="1985-12-27">
<game info="Liberty Bowl"> 
<team tnum="1"><name>Baylor</name><score>21</score><line>0.0</line></team>
<team tnum="2"><name>Louisiana State</name><score>7</score><line>0</line></team>
</game>
</date>
<date day="1985-12-28">
<game info="Aloha Bowl"> 
<team tnum="1"><name>Alabama</name><score>24</score><line>-5.5</line></team>
<team tnum="2"><name>Southern Cal</name><score>3</score><line>5.5</line></team>
</game>
<game info="Sun Bowl"> 
<team tnum="1"><name>Arizona</name><score>13</score><line>5.5</line></team>
<team tnum="2"><name>Georgia</name><score>13</score><line>-5.5</line></team>
</game>
<game info="Citrus Bowl"> 
<team tnum="1"><name>Brigham Young</name><score>7</score><line>-1.0</line></team>
<team tnum="2"><name>Ohio State</name><score>10</score><line>1</line></team>
</game>
</date>
<date day="1985-12-30">
<game info="Freedom Bowl"> 
<team tnum="1"><name>Colorado</name><score>17</score><line>4.0</line></team>
<team tnum="2"><name>Washington</name><score>20</score><line>-4</line></team>
</game>
<game info="Gator Bowl"> 
<team tnum="1"><name>Florida State</name><score>34</score><line>-7.0</line></team>
<team tnum="2"><name>Oklahoma State</name><score>23</score><line>7</line></team>
</game>
</date>
<date day="1985-12-31">
<game info="Bluebonnet Bowl"> 
<team tnum="1"><name>Air Force</name><score>24</score><line>-6.0</line></team>
<team tnum="2"><name>Texas</name><score>16</score><line>6</line></team>
</game>
<game info="Peach Bowl"> 
<team tnum="1"><name>Army</name><score>31</score><line>6.5</line></team>
<team tnum="2"><name>Illinois</name><score>29</score><line>-6.5</line></team>
</game>
<game info="Hall of Fame Bowl"> 
<team tnum="1"><name>Georgia Tech</name><score>17</score><line>-1.0</line></team>
<team tnum="2"><name>Michigan State</name><score>14</score><line>1</line></team>
</game>
</date>
<date day="1986-01-01">
<game info="Cotton Bowl"> 
<team tnum="1"><name>Auburn</name><score>16</score><line>-2.0</line></team>
<team tnum="2"><name>Texas A+M</name><score>36</score><line>2</line></team>
</game>
<game info="Rose Bowl"> 
<team tnum="1"><name>Iowa</name><score>28</score><line>-3.0</line></team>
<team tnum="2"><name>U.C.L.A.</name><score>45</score><line>3</line></team>
</game>
<game info="Sugar Bowl"> 
<team tnum="1"><name>Miami-Florida</name><score>7</score><line>-8.0</line></team>
<team tnum="2"><name>Tennessee</name><score>35</score><line>8</line></team>
</game>
<game info="Fiesta Bowl"> 
<team tnum="1"><name>Michigan</name><score>27</score><line>-3.0</line></team>
<team tnum="2"><name>Nebraska</name><score>23</score><line>3</line></team>
</game>
<game info="Orange Bowl"> 
<team tnum="1"><name>Oklahoma</name><score>25</score><line>-7.5</line></team>
<team tnum="2"><name>Penn State</name><score>10</score><line>7.5</line></team>
</game>
</date>
</scores>
