<?xml version="1.0" encoding="UTF-8"?> 
<scores>
<league>College Football</league><year>1990</year><season>Bowls</season>
<date day="1990-12-08">
<game info="California Bowl"> 
<team tnum="1"><name>Central Michigan</name><score>24</score></team>
<team tnum="2"><name>San Jose State</name><score>48</score></team>
</game>
</date>
<date day="1990-12-15">
<game info="Independence Bowl"> 
<team tnum="1"><name>Louisiana Tech</name><score>34</score></team>
<team tnum="2"><name>Maryland</name><score>34</score></team>
</game>
</date>
<date day="1990-12-25">
<game info="Aloha Bowl"> 
<team tnum="1"><name>Arizona</name><score>0</score><line>3.0</line></team>
<team tnum="2"><name>Syracuse</name><score>28</score><line>-3</line></team>
</game>
</date>
<date day="1990-12-27">
<game info="Liberty Bowl"> 
<team tnum="1"><name>Air Force</name><score>23</score><line>17.0</line></team>
<team tnum="2"><name>Ohio State</name><score>11</score><line>-17</line></team>
</game>
</date>
<date day="1990-12-28">
<game info="Blockbuster Bowl"> 
<team tnum="1"><name>Florida State</name><score>24</score><line>-6.5</line></team>
<team tnum="2"><name>Penn State</name><score>17</score><line>6.5</line></team>
</game>
<game info="All-American Bowl"> 
<team tnum="1"><name>No Carolina State</name><score>31</score><line>1.0</line></team>
<team tnum="2"><name>Southern Miss</name><score>27</score><line>-1</line></team>
</game>
</date>
<date day="1990-12-29">
<game info="Peach Bowl"> 
<team tnum="1"><name>Auburn</name><score>27</score><line>-9.0</line></team>
<team tnum="2"><name>Indiana</name><score>23</score><line>9</line></team>
</game>
<game info="Holiday Bowl"> 
<team tnum="1"><name>Brigham Young</name><score>14</score><line>-4.0</line></team>
<team tnum="2"><name>Texas A+M</name><score>65</score><line>4</line></team>
</game>
<game info="Freedom Bowl"> 
<team tnum="1"><name>Colorado State</name><score>32</score><line>8.5</line></team>
<team tnum="2"><name>Oregon</name><score>31</score><line>-8.5</line></team>
</game>
</date>
<date day="1990-12-31">
<game info="Copper Bowl"> 
<team tnum="1"><name>California</name><score>17</score><line>-7.5</line></team>
<team tnum="2"><name>Wyoming</name><score>15</score><line>7.5</line></team>
</game>
<game info="Sun Bowl"> 
<team tnum="1"><name>Michigan State</name><score>17</score><line>1.0</line></team>
<team tnum="2"><name>Southern Cal</name><score>16</score><line>-1</line></team>
</game>
</date>
<date day="1991-01-01">
<game info="Fiesta Bowl"> 
<team tnum="1"><name>Alabama</name><score>7</score><line>-8.5</line></team>
<team tnum="2"><name>Louisville</name><score>34</score><line>8.5</line></team>
</game>
<game info="Hall of Fame Bowl"> 
<team tnum="1"><name>Clemson</name><score>30</score><line>-3.0</line></team>
<team tnum="2"><name>Illinois</name><score>0</score><line>3</line></team>
</game>
<game info="Orange Bowl"> 
<team tnum="1"><name>Colorado</name><score>10</score><line>1.0</line></team>
<team tnum="2"><name>Notre Dame</name><score>9</score><line>-1</line></team>
</game>
<game info="Citrus Bowl"> 
<team tnum="1"><name>Georgia Tech</name><score>45</score><line>2.5</line></team>
<team tnum="2"><name>Nebraska</name><score>21</score><line>-2.5</line></team>
</game>
<game info="Rose Bowl"> 
<team tnum="1"><name>Iowa</name><score>34</score><line>10.0</line></team>
<team tnum="2"><name>Washington</name><score>46</score><line>-10</line></team>
</game>
<game info="Cotton Bowl"> 
<team tnum="1"><name>Miami-Florida</name><score>46</score><line>-6.0</line></team>
<team tnum="2"><name>Texas</name><score>3</score><line>6</line></team>
</game>
<game info="Gator Bowl"> 
<team tnum="1"><name>Michigan</name><score>35</score><line>-11.5</line></team>
<team tnum="2"><name>Mississippi</name><score>3</score><line>11.5</line></team>
</game>
<game info="Sugar Bowl"> 
<team tnum="1"><name>Tennessee</name><score>23</score><line>-5.0</line></team>
<team tnum="2"><name>Virginia</name><score>22</score><line>5</line></team>
</game>
</date>
</scores>
