<?xml version="1.0" encoding="UTF-8"?> 
<scores>
<league>College Football</league><year>1997</year><season>Bowls</season>
<date day="1997-12-20">
<game info="Las Vegas Bowl"> 
<team tnum="1"><name>Oregon</name><score>41</score><line>-3.5</line></team>
<team tnum="2"><name>Air Force</name><score>13</score><line>3.5</line></team>
</game>
</date>
<date day="1997-12-25">
<game info="Aloha Bowl"> 
<team tnum="1"><name>Michigan State</name><score>23</score><line>5.0</line></team>
<team tnum="2"><name>Washington</name><score>51</score><line>-5</line></team>
</game>
</date>
<date day="1997-12-26">
<game info="Motor City Bowl"> 
<team tnum="1"><name>Mississippi</name><score>34</score><line>-3.0</line></team>
<team tnum="2"><name>Marshall</name><score>31</score><line>3</line></team>
</game>
</date>
<date day="1997-12-27">
<game info="Insight Bowl"> 
<team tnum="1"><name>Arizona</name><score>20</score><line>-9.5</line></team>
<team tnum="2"><name>New Mexico</name><score>14</score><line>9.5</line></team>
</game>
</date>
<date day="1997-12-28">
<game info="Independence Bowl"> 
<team tnum="1"><name>Notre Dame</name><score>9</score><line>7.0</line></team>
<team tnum="2"><name>Louisiana State</name><score>27</score><line>-7</line></team>
</game>
</date>
<date day="1997-12-29">
<game info="Humanitarian Bowl"> 
<team tnum="1"><name>Cincinnati</name><score>35</score><line>-6.0</line></team>
<team tnum="2"><name>Utah State</name><score>19</score><line>6</line></team>
</game>
<game info="Carquest Bowl"> 
<team tnum="1"><name>Georgia Tech</name><score>35</score><line>-1.0</line></team>
<team tnum="2"><name>West Virginia</name><score>30</score><line>1</line></team>
</game>
<game info="Holiday Bowl"> 
<team tnum="1"><name>Missouri</name><score>24</score><line>6.0</line></team>
<team tnum="2"><name>Colorado State</name><score>35</score><line>-6</line></team>
</game>
</date>
<date day="1997-12-30">
<game info="Alamo Bowl"> 
<team tnum="1"><name>Purdue</name><score>33</score><line>-3.0</line></team>
<team tnum="2"><name>Oklahoma State</name><score>20</score><line>3</line></team>
</game>
</date>
<date day="1997-12-31">
<game info="Sun Bowl"> 
<team tnum="1"><name>Iowa</name><score>7</score><line>-2.0</line></team>
<team tnum="2"><name>Arizona State</name><score>17</score><line>2</line></team>
</game>
<game info="Liberty Bowl"> 
<team tnum="1"><name>Pittsburgh</name><score>7</score><line>8.5</line></team>
<team tnum="2"><name>Southern Miss</name><score>41</score><line>-8.5</line></team>
</game>
<game info="Fiesta Bowl"> 
<team tnum="1"><name>Kansas State</name><score>35</score><line>-3.5</line></team>
<team tnum="2"><name>Syracuse</name><score>18</score><line>3.5</line></team>
</game>
</date>
<date day="1998-01-01">
<game info="Outback Bowl"> 
<team tnum="1"><name>Wisconsin</name><score>6</score><line>8.5</line></team>
<team tnum="2"><name>Georgia</name><score>33</score><line>-8.5</line></team>
</game>
<game info="Gator Bowl"> 
<team tnum="1"><name>Virginia Tech</name><score>3</score><line>12.5</line></team>
<team tnum="2"><name>North Carolina</name><score>42</score><line>-12.5</line></team>
</game>
<game info="Citrus Bowl"> 
<team tnum="1"><name>Penn State</name><score>6</score><line>10.0</line></team>
<team tnum="2"><name>Florida</name><score>21</score><line>-10</line></team>
</game>
<game info="Cotton Bowl"> 
<team tnum="1"><name>U.C.L.A.</name><score>29</score><line>-10.0</line></team>
<team tnum="2"><name>Texas A+M</name><score>23</score><line>10</line></team>
</game>
<game info="Rose Bowl"> 
<team tnum="1"><name>Michigan</name><score>21</score><line>-8.0</line></team>
<team tnum="2"><name>Washington State</name><score>16</score><line>8</line></team>
</game>
<game info="Sugar Bowl"> 
<team tnum="1"><name>Ohio State</name><score>14</score><line>7.0</line></team>
<team tnum="2"><name>Florida State</name><score>31</score><line>-7</line></team>
</game>
</date>
<date day="1998-01-02">
<game info="Peach Bowl"> 
<team tnum="1"><name>Auburn</name><score>21</score><line>-7.0</line></team>
<team tnum="2"><name>Clemson</name><score>17</score><line>7</line></team>
</game>
<game info="Orange Bowl"> 
<team tnum="1"><name>Tennessee</name><score>17</score><line>7.5</line></team>
<team tnum="2"><name>Nebraska</name><score>42</score><line>-7.5</line></team>
</game>
</date>
</scores>
