<?xml version="1.0" encoding="UTF-8"?> 
<scores>
<league>College Football</league><year>1984</year><season>Bowls</season>
<date day="1984-12-15">
<game info="Independence Bowl"> 
<team tnum="1"><name>Air Force</name><score>23</score><line>3.0</line></team>
<team tnum="2"><name>Virginia Tech</name><score>7</score><line>-3</line></team>
</game>
<game info="California Bowl"> 
<team tnum="1"><name>Nevada-Las Vegas</name><score>30</score></team>
<team tnum="2"><name>Toledo</name><score>13</score></team>
</game>
</date>
<date day="1984-12-21">
<game info="Holiday Bowl"> 
<team tnum="1"><name>Brigham Young</name><score>24</score><line>-6.5</line></team>
<team tnum="2"><name>Michigan</name><score>17</score><line>6.5</line></team>
</game>
</date>
<date day="1984-12-22">
<game info="Cherry Bowl"> 
<team tnum="1"><name>Army</name><score>10</score><line>4.0</line></team>
<team tnum="2"><name>Michigan State</name><score>6</score><line>-4</line></team>
</game>
<game info="Citrus Bowl"> 
<team tnum="1"><name>Florida State</name><score>17</score><line>-4.0</line></team>
<team tnum="2"><name>Georgia</name><score>17</score><line>4</line></team>
</game>
<game info="Sun Bowl"> 
<team tnum="1"><name>Maryland</name><score>28</score><line>-7.0</line></team>
<team tnum="2"><name>Tennessee</name><score>27</score><line>7</line></team>
</game>
</date>
<date day="1984-12-26">
<game info="Freedom Bowl"> 
<team tnum="1"><name>Iowa</name><score>55</score><line>-1.5</line></team>
<team tnum="2"><name>Texas</name><score>17</score><line>1.5</line></team>
</game>
</date>
<date day="1984-12-27">
<game info="Liberty Bowl"> 
<team tnum="1"><name>Arkansas</name><score>15</score><line>3.5</line></team>
<team tnum="2"><name>Auburn</name><score>21</score><line>-3.5</line></team>
</game>
</date>
<date day="1984-12-28">
<game info="Gator Bowl"> 
<team tnum="1"><name>Oklahoma State</name><score>21</score><line>-1.0</line></team>
<team tnum="2"><name>South Carolina</name><score>14</score><line>1</line></team>
</game>
</date>
<date day="1984-12-29">
<game info="Hall of Fame Bowl"> 
<team tnum="1"><name>Kentucky</name><score>20</score><line>3.0</line></team>
<team tnum="2"><name>Wisconsin</name><score>19</score><line>-3</line></team>
</game>
<game info="Aloha Bowl"> 
<team tnum="1"><name>Notre Dame</name><score>20</score><line>-1.0</line></team>
<team tnum="2"><name>S-M-U</name><score>27</score><line>1</line></team>
</game>
</date>
<date day="1984-12-31">
<game info="Peach Bowl"> 
<team tnum="1"><name>Purdue</name><score>24</score><line>2.5</line></team>
<team tnum="2"><name>Virginia</name><score>27</score><line>-2.5</line></team>
</game>
<game info="Bluebonnet Bowl"> 
<team tnum="1"><name>Texas Christian</name><score>14</score><line>-2.0</line></team>
<team tnum="2"><name>West Virginia</name><score>31</score><line>2</line></team>
</game>
</date>
<date day="1985-01-01">
<game info="Cotton Bowl"> 
<team tnum="1"><name>Boston College</name><score>45</score><line>-7.0</line></team>
<team tnum="2"><name>Houston</name><score>28</score><line>7</line></team>
</game>
<game info="Sugar Bowl"> 
<team tnum="1"><name>Louisiana State</name><score>10</score><line>7.5</line></team>
<team tnum="2"><name>Nebraska</name><score>28</score><line>-7.5</line></team>
</game>
<game info="Fiesta Bowl"> 
<team tnum="1"><name>Miami-Florida</name><score>37</score><line>-6.0</line></team>
<team tnum="2"><name>U.C.L.A.</name><score>39</score><line>6</line></team>
</game>
<game info="Rose Bowl"> 
<team tnum="1"><name>Ohio State</name><score>17</score><line>-3.5</line></team>
<team tnum="2"><name>Southern Cal</name><score>20</score><line>3.5</line></team>
</game>
<game info="Orange Bowl"> 
<team tnum="1"><name>Oklahoma</name><score>17</score><line>-5.0</line></team>
<team tnum="2"><name>Washington</name><score>28</score><line>5</line></team>
</game>
</date>
</scores>
