<?xml version="1.0" encoding="UTF-8"?> 
<scores>
<league>College Football</league><year>2001</year><season>Bowls</season>
<date day="2001-12-18">
<game info="New Orleans Bowl"> 
<team tnum="1"><name>North Texas</name><score>20</score><line>12.5</line></team>
<team tnum="2"><name>Colorado State</name><score>45</score><line>-12.5</line></team>
</game>
</date>
<date day="2001-12-19">
<game info="GMAC Bowl"> 
<team tnum="1"><name>Marshall</name><score>64</score><line>1.0</line></team>
<team tnum="2"><name>East Carolina</name><score>61</score><line>-1</line></team>
</game>
</date>
<date day="2001-12-20">
<game info="Tangerine Bowl"> 
<team tnum="1"><name>Pittsburgh</name><score>34</score><line>0.0</line></team>
<team tnum="2"><name>No Carolina State</name><score>19</score><line>0</line></team>
</game>
</date>
<date day="2001-12-25">
<game info="Las Vegas Bowl"> 
<team tnum="1"><name>Southern Cal</name><score>6</score><line>-3.5</line></team>
<team tnum="2"><name>Utah</name><score>10</score><line>3.5</line></team>
</game>
</date>
<date day="2001-12-27">
<game info="Seattle Bowl"> 
<team tnum="1"><name>Georgia Tech</name><score>24</score><line>4.5</line></team>
<team tnum="2"><name>Stanford</name><score>14</score><line>-4.5</line></team>
</game>
<game info="Independence Bowl"> 
<team tnum="1"><name>Iowa State</name><score>13</score><line>6.5</line></team>
<team tnum="2"><name>Alabama</name><score>14</score><line>-6.5</line></team>
</game>
</date>
<date day="2001-12-28">
<game info="GalleryFurniture.com Bowl"> 
<team tnum="1"><name>Texas A+M</name><score>28</score><line>-6.5</line></team>
<team tnum="2"><name>Texas Christian</name><score>9</score><line>6.5</line></team>
</game>
<game info="Music City Bowl"> 
<team tnum="1"><name>Boston College</name><score>20</score><line>4.5</line></team>
<team tnum="2"><name>Georgia</name><score>16</score><line>-4.5</line></team>
</game>
<game info="Holiday Bowl"> 
<team tnum="1"><name>Texas</name><score>47</score><line>-12.5</line></team>
<team tnum="2"><name>Washington</name><score>43</score><line>12.5</line></team>
</game>
</date>
<date day="2001-12-29">
<game info="Motor City Bowl"> 
<team tnum="1"><name>Toledo</name><score>23</score><line>-3.5</line></team>
<team tnum="2"><name>Cincinnati</name><score>16</score><line>3.5</line></team>
</game>
<game info="Alamo Bowl"> 
<team tnum="1"><name>Iowa</name><score>19</score><line>1.0</line></team>
<team tnum="2"><name>Texas Tech</name><score>16</score><line>-1</line></team>
</game>
<game info="Insight.com Bowl"> 
<team tnum="1"><name>Syracuse</name><score>26</score><line>5.5</line></team>
<team tnum="2"><name>Kansas State</name><score>3</score><line>-5.5</line></team>
</game>
</date>
<date day="2001-12-31">
<game info="Humanitarian Bowl"> 
<team tnum="1"><name>Clemson</name><score>49</score><line>-6.5</line></team>
<team tnum="2"><name>Louisiana Tech</name><score>24</score><line>6.5</line></team>
</game>
<game info="Sun Bowl"> 
<team tnum="1"><name>Purdue</name><score>27</score><line>8.0</line></team>
<team tnum="2"><name>Washington State</name><score>33</score><line>-8</line></team>
</game>
<game info="Silicon Valley Bowl"> 
<team tnum="1"><name>Michigan State</name><score>44</score><line>5.5</line></team>
<team tnum="2"><name>Fresno State</name><score>35</score><line>-5.5</line></team>
</game>
<game info="Liberty Bowl"> 
<team tnum="1"><name>Louisville</name><score>28</score><line>-3.0</line></team>
<team tnum="2"><name>Brigham Young</name><score>10</score><line>3</line></team>
</game>
<game info="Peach Bowl"> 
<team tnum="1"><name>North Carolina</name><score>16</score><line>-2.5</line></team>
<team tnum="2"><name>Auburn</name><score>10</score><line>2.5</line></team>
</game>
</date>
<date day="2002-01-01">
<game info="Cotton Bowl"> 
<team tnum="1"><name>Arkansas</name><score>3</score><line>13.5</line></team>
<team tnum="2"><name>Oklahoma</name><score>10</score><line>-13.5</line></team>
</game>
<game info="Outback Bowl"> 
<team tnum="1"><name>South Carolina</name><score>31</score><line>-1.5</line></team>
<team tnum="2"><name>Ohio State</name><score>28</score><line>1.5</line></team>
</game>
<game info="Gator Bowl"> 
<team tnum="1"><name>Florida State</name><score>30</score><line>2.0</line></team>
<team tnum="2"><name>Virginia Tech</name><score>17</score><line>-2</line></team>
</game>
<game info="Citrus Bowl"> 
<team tnum="1"><name>Tennessee</name><score>45</score><line>-4.0</line></team>
<team tnum="2"><name>Michigan</name><score>17</score><line>4</line></team>
</game>
<game info="Fiesta Bowl"> 
<team tnum="1"><name>Oregon</name><score>38</score><line>3.0</line></team>
<team tnum="2"><name>Colorado</name><score>16</score><line>-3</line></team>
</game>
<game info="Sugar Bowl"> 
<team tnum="1"><name>Illinois</name><score>34</score><line>2.5</line></team>
<team tnum="2"><name>Louisiana State</name><score>47</score><line>-2.5</line></team>
</game>
</date>
<date day="2002-01-02">
<game info="Orange Bowl"> 
<team tnum="1"><name>Florida</name><score>56</score><line>-14.0</line></team>
<team tnum="2"><name>Maryland</name><score>23</score><line>14</line></team>
</game>
</date>
<date day="2002-01-03">
<game info="Rose Bowl"> 
<team tnum="1"><name>Nebraska</name><score>14</score><line>8.0</line></team>
<team tnum="2"><name>Miami-Florida</name><score>37</score><line>-8</line></team>
</game>
</date>
</scores>
