<?xml version="1.0" encoding="UTF-8"?> 
<scores>
<league>College Football</league><year>1983</year><season>Bowls</season>
<date day="1983-12-10">
<game info="Independence Bowl"> 
<team tnum="1"><name>Air Force</name><score>9</score><line>-3.5</line></team>
<team tnum="2"><name>Mississippi</name><score>3</score><line>3.5</line></team>
</game>
</date>
<date day="1983-12-17">
<game info="Citrus Bowl"> 
<team tnum="1"><name>Maryland</name><score>23</score><line>-3.5</line></team>
<team tnum="2"><name>Tennessee</name><score>30</score><line>3.5</line></team>
</game>
<game info="California Bowl"> 
<team tnum="1"><name>Northern Illinois</name><score>20</score></team>
<team tnum="2"><name>Fullerton State</name><score>13</score></team>
</game>
</date>
<date day="1983-12-22">
<game info="Hall of Fame Bowl"> 
<team tnum="1"><name>Kentucky</name><score>16</score><line>10.5</line></team>
<team tnum="2"><name>West Virginia</name><score>20</score><line>-10.5</line></team>
</game>
</date>
<date day="1983-12-23">
<game info="Holiday Bowl"> 
<team tnum="1"><name>Brigham Young</name><score>21</score><line>-2.5</line></team>
<team tnum="2"><name>Missouri</name><score>17</score><line>2.5</line></team>
</game>
</date>
<date day="1983-12-24">
<game info="Sun Bowl"> 
<team tnum="1"><name>Alabama</name><score>28</score><line>4.0</line></team>
<team tnum="2"><name>S-M-U</name><score>7</score><line>-4</line></team>
</game>
</date>
<date day="1983-12-26">
<game info="Aloha Bowl"> 
<team tnum="1"><name>Penn State</name><score>13</score><line>-1.5</line></team>
<team tnum="2"><name>Washington</name><score>10</score><line>1.5</line></team>
</game>
</date>
<date day="1983-12-29">
<game info="Liberty Bowl"> 
<team tnum="1"><name>Boston College</name><score>18</score><line>-2.0</line></team>
<team tnum="2"><name>Notre Dame</name><score>19</score><line>2</line></team>
</game>
</date>
<date day="1983-12-30">
<game info="Gator Bowl"> 
<team tnum="1"><name>Florida</name><score>14</score><line>-3.5</line></team>
<team tnum="2"><name>Iowa</name><score>6</score><line>3.5</line></team>
</game>
<game info="Peach Bowl"> 
<team tnum="1"><name>Florida State</name><score>28</score><line>-3.0</line></team>
<team tnum="2"><name>North Carolina</name><score>3</score><line>3</line></team>
</game>
</date>
<date day="1983-12-31">
<game info="Bluebonnet Bowl"> 
<team tnum="1"><name>Baylor</name><score>14</score><line>1.0</line></team>
<team tnum="2"><name>Oklahoma State</name><score>24</score><line>-1</line></team>
</game>
</date>
<date day="1984-01-02">
<game info="Sugar Bowl"> 
<team tnum="1"><name>Auburn</name><score>9</score><line>-4.0</line></team>
<team tnum="2"><name>Michigan</name><score>7</score><line>4</line></team>
</game>
<game info="Cotton Bowl"> 
<team tnum="1"><name>Georgia</name><score>10</score><line>7.5</line></team>
<team tnum="2"><name>Texas</name><score>9</score><line>-7.5</line></team>
</game>
<game info="Rose Bowl"> 
<team tnum="1"><name>Illinois</name><score>9</score><line>-4.0</line></team>
<team tnum="2"><name>U.C.L.A.</name><score>45</score><line>4</line></team>
</game>
<game info="Orange Bowl"> 
<team tnum="1"><name>Nebraska</name><score>30</score><line>-10.5</line></team>
<team tnum="2"><name>Miami-Florida</name><score>31</score><line>10.5</line></team>
</game>
<game info="Fiesta Bowl"> 
<team tnum="1"><name>Ohio State</name><score>28</score><line>-2.5</line></team>
<team tnum="2"><name>Pittsburgh</name><score>23</score><line>2.5</line></team>
</game>
</date>
</scores>
