<?xml version="1.0" encoding="UTF-8"?> 
<scores>
<league>College Football</league><year>2000</year><season>Bowls</season>
<date day="2000-12-20">
<game info="Mobile Alabama Bowl"> 
<team tnum="1"><name>Southern Miss</name><score>28</score><line>7.0</line></team>
<team tnum="2"><name>Texas Christian</name><score>21</score><line>-7</line></team>
</game>
</date>
<date day="2000-12-21">
<game info="Las Vegas Bowl"> 
<team tnum="1"><name>Arkansas</name><score>14</score><line>1.0</line></team>
<team tnum="2"><name>Nevada-Las Vegas</name><score>31</score><line>-1</line></team>
</game>
</date>
<date day="2000-12-24">
<game info="Oahu Bowl"> 
<team tnum="1"><name>Virginia</name><score>14</score><line>9.5</line></team>
<team tnum="2"><name>Georgia</name><score>37</score><line>-9.5</line></team>
</game>
</date>
<date day="2000-12-25">
<game info="Aloha Bowl"> 
<team tnum="1"><name>Boston College</name><score>31</score><line>3.5</line></team>
<team tnum="2"><name>Arizona State</name><score>17</score><line>-3.5</line></team>
</game>
</date>
<date day="2000-12-27">
<game info="Motor City Bowl"> 
<team tnum="1"><name>Cincinnati</name><score>14</score><line>-3.5</line></team>
<team tnum="2"><name>Marshall</name><score>25</score><line>3.5</line></team>
</game>
<game info="Gallery Furniture Bowl"> 
<team tnum="1"><name>Texas Tech</name><score>27</score><line>-1.0</line></team>
<team tnum="2"><name>East Carolina</name><score>40</score><line>1</line></team>
</game>
</date>
<date day="2000-12-28">
<game info="Humanitarian Bowl"> 
<team tnum="1"><name>UTEP</name><score>23</score><line>7.0</line></team>
<team tnum="2"><name>Boise State</name><score>38</score><line>-7</line></team>
</game>
<game info="Music City Bowl"> 
<team tnum="1"><name>West Virginia</name><score>49</score><line>4.0</line></team>
<team tnum="2"><name>Mississippi</name><score>38</score><line>-4</line></team>
</game>
<game info="Micron PC Bowl"> 
<team tnum="1"><name>Minnesota</name><score>30</score><line>-3.5</line></team>
<team tnum="2"><name>No Carolina State</name><score>38</score><line>3.5</line></team>
</game>
<game info="Insight Bowl"> 
<team tnum="1"><name>Pittsburgh</name><score>29</score><line>0.0</line></team>
<team tnum="2"><name>Iowa State</name><score>37</score><line>0</line></team>
</game>
</date>
<date day="2000-12-29">
<game info="Liberty Bowl"> 
<team tnum="1"><name>Colorado State</name><score>22</score><line>-1.5</line></team>
<team tnum="2"><name>Louisville</name><score>17</score><line>1.5</line></team>
</game>
<game info="Sun Bowl"> 
<team tnum="1"><name>Wisconsin</name><score>21</score><line>-4.5</line></team>
<team tnum="2"><name>U.C.L.A.</name><score>20</score><line>4.5</line></team>
</game>
<game info="Peach Bowl"> 
<team tnum="1"><name>Louisiana State</name><score>28</score><line>8.5</line></team>
<team tnum="2"><name>Georgia Tech</name><score>14</score><line>-8.5</line></team>
</game>
<game info="Holiday Bowl"> 
<team tnum="1"><name>Texas</name><score>30</score><line>-7.0</line></team>
<team tnum="2"><name>Oregon</name><score>35</score><line>7</line></team>
</game>
</date>
<date day="2000-12-30">
<game info="Alamo Bowl"> 
<team tnum="1"><name>Northwestern</name><score>17</score><line>14.5</line></team>
<team tnum="2"><name>Nebraska</name><score>66</score><line>-14.5</line></team>
</game>
</date>
<date day="2000-12-31">
<game info="Silicon Valley Bowl"> 
<team tnum="1"><name>Air Force</name><score>37</score><line>1.0</line></team>
<team tnum="2"><name>Fresno State</name><score>34</score><line>-1</line></team>
</game>
<game info="Independence Bowl"> 
<team tnum="1"><name>Texas A+M</name><score>41</score><line>-1.0</line></team>
<team tnum="2"><name>Mississippi State</name><score>43</score><line>1</line></team>
</game>
</date>
<date day="2001-01-01">
<game info="Outback Bowl"> 
<team tnum="1"><name>Ohio State</name><score>7</score><line>-6.5</line></team>
<team tnum="2"><name>South Carolina</name><score>24</score><line>6.5</line></team>
</game>
<game info="Cotton Bowl"> 
<team tnum="1"><name>Tennessee</name><score>21</score><line>3.5</line></team>
<team tnum="2"><name>Kansas State</name><score>35</score><line>-3.5</line></team>
</game>
<game info="Gator Bowl"> 
<team tnum="1"><name>Virginia Tech</name><score>41</score><line>-6.5</line></team>
<team tnum="2"><name>Clemson</name><score>20</score><line>6.5</line></team>
</game>
<game info="Citrus Bowl"> 
<team tnum="1"><name>Michigan</name><score>31</score><line>-8.0</line></team>
<team tnum="2"><name>Auburn</name><score>28</score><line>8</line></team>
</game>
<game info="Rose Bowl"> 
<team tnum="1"><name>Purdue</name><score>24</score><line>-1.0</line></team>
<team tnum="2"><name>Washington</name><score>34</score><line>1</line></team>
</game>
<game info="Fiesta Bowl"> 
<team tnum="1"><name>Notre Dame</name><score>9</score><line>3.0</line></team>
<team tnum="2"><name>Oregon State</name><score>41</score><line>-3</line></team>
</game>
</date>
<date day="2001-01-02">
<game info="Sugar Bowl"> 
<team tnum="1"><name>Miami-Florida</name><score>37</score><line>-6.0</line></team>
<team tnum="2"><name>Florida</name><score>20</score><line>6</line></team>
</game>
</date>
<date day="2001-01-03">
<game info="Orange Bowl"> 
<team tnum="1"><name>Florida State</name><score>2</score><line>-11.5</line></team>
<team tnum="2"><name>Oklahoma</name><score>13</score><line>11.5</line></team>
</game>
</date>
</scores>
