<?xml version="1.0" encoding="UTF-8"?> 
<scores>
<league>College Football</league><year>1981</year><season>Bowls</season>
<date day="1981-12-12">
<game info="Independence Bowl"> 
<team tnum="1"><name>Oklahoma State</name><score>16</score><line>3.5</line></team>
<team tnum="2"><name>Texas A+M</name><score>33</score><line>-3.5</line></team>
</game>
</date>
<date day="1981-12-13">
<game info="Garden State Bowl"> 
<team tnum="1"><name>Tennessee</name><score>28</score><line>7.0</line></team>
<team tnum="2"><name>Wisconsin</name><score>21</score><line>-7</line></team>
</game>
</date>
<date day="1981-12-18">
<game info="Holiday Bowl"> 
<team tnum="1"><name>Brigham Young</name><score>38</score><line>-3.0</line></team>
<team tnum="2"><name>Washington State</name><score>36</score><line>3</line></team>
</game>
</date>
<date day="1981-12-19">
<game info="Tangerine Bowl"> 
<team tnum="1"><name>Missouri</name><score>19</score><line>3.0</line></team>
<team tnum="2"><name>Southern Miss</name><score>17</score><line>-3</line></team>
</game>
<game info="California Bowl"> 
<team tnum="1"><name>San Jose State</name><score>25</score></team>
<team tnum="2"><name>Toledo</name><score>27</score></team>
</game>
</date>
<date day="1981-12-26">
<game info="Sun Bowl"> 
<team tnum="1"><name>Houston</name><score>14</score><line>2.0</line></team>
<team tnum="2"><name>Oklahoma</name><score>40</score><line>-2</line></team>
</game>
</date>
<date day="1981-12-28">
<game info="Gator Bowl"> 
<team tnum="1"><name>Arkansas</name><score>27</score><line>4.0</line></team>
<team tnum="2"><name>North Carolina</name><score>31</score><line>-4</line></team>
</game>
</date>
<date day="1981-12-30">
<game info="Liberty Bowl"> 
<team tnum="1"><name>Navy</name><score>28</score><line>11.0</line></team>
<team tnum="2"><name>Ohio State</name><score>31</score><line>-11</line></team>
</game>
</date>
<date day="1981-12-31">
<game info="Peach Bowl"> 
<team tnum="1"><name>Florida</name><score>6</score><line>-7.0</line></team>
<team tnum="2"><name>West Virginia</name><score>26</score><line>7</line></team>
</game>
<game info="Hall of Fame Bowl"> 
<team tnum="1"><name>Kansas</name><score>0</score><line>6.5</line></team>
<team tnum="2"><name>Mississippi State</name><score>10</score><line>-6.5</line></team>
</game>
<game info="Bluebonnet Bowl"> 
<team tnum="1"><name>Michigan</name><score>33</score><line>-3.0</line></team>
<team tnum="2"><name>U.C.L.A.</name><score>14</score><line>3</line></team>
</game>
</date>
<date day="1982-01-01">
<game info="Cotton Bowl"> 
<team tnum="1"><name>Alabama</name><score>12</score><line>-1.5</line></team>
<team tnum="2"><name>Texas</name><score>14</score><line>1.5</line></team>
</game>
<game info="Orange Bowl"> 
<team tnum="1"><name>Clemson</name><score>22</score><line>5.0</line></team>
<team tnum="2"><name>Nebraska</name><score>15</score><line>-5</line></team>
</game>
<game info="Sugar Bowl"> 
<team tnum="1"><name>Georgia</name><score>20</score><line>2.0</line></team>
<team tnum="2"><name>Pittsburgh</name><score>24</score><line>-2</line></team>
</game>
<game info="Rose Bowl"> 
<team tnum="1"><name>Iowa</name><score>0</score><line>-3.0</line></team>
<team tnum="2"><name>Washington</name><score>28</score><line>3</line></team>
</game>
<game info="Fiesta Bowl"> 
<team tnum="1"><name>Penn State</name><score>26</score><line>3.0</line></team>
<team tnum="2"><name>Southern Cal</name><score>10</score><line>-3</line></team>
</game>
</date>
</scores>
