<?xml version="1.0" encoding="UTF-8"?> 
<scores>
<league>College Football</league><year>2004</year><season>Bowls</season>
<date day="2004-12-14">
<game info="New Orleans Bowl"> 
<team tnum="1"><name>Southern Miss</name><score>31</score><line>-6.0</line></team>
<team tnum="2"><name>North Texas</name><score>10</score><line>6</line></team>
</game>
</date>
<date day="2004-12-21">
<game info="Champs Sports Bowl"> 
<team tnum="1"><name>Syracuse</name><score>14</score><line>6.0</line></team>
<team tnum="2"><name>Georgia Tech</name><score>51</score><line>-6</line></team>
</game>
</date>
<date day="2004-12-22">
<game info="GMAC Bowl"> 
<team tnum="1"><name>Memphis</name><score>35</score><line>3.0</line></team>
<team tnum="2"><name>Bowling Green</name><score>52</score><line>-3</line></team>
</game>
</date>
<date day="2004-12-23">
<game info="Fort Worth Bowl"> 
<team tnum="1"><name>Marshall</name><score>14</score><line>2.0</line></team>
<team tnum="2"><name>Cincinnati</name><score>32</score><line>-2</line></team>
</game>
<game info="Las Vegas Bowl"> 
<team tnum="1"><name>Wyoming</name><score>24</score><line>12.0</line></team>
<team tnum="2"><name>U.C.L.A.</name><score>21</score><line>-12</line></team>
</game>
</date>
<date day="2004-12-24">
<game info="Hawaii Bowl"> 
<team tnum="1"><name>U-A-B</name><score>40</score><site>V</site><line>3.5</line></team>
<team tnum="2"><name>Hawaii</name><score>59</score><site>H</site><line>-3.5</line></team>
</game>
</date>
<date day="2004-12-27">
<game info="MPC Computers Bowl"> 
<team tnum="1"><name>Fresno State</name><score>37</score><line>5.0</line></team>
<team tnum="2"><name>Virginia</name><score>34</score><line>-5</line></team>
</game>
<game info="Motor City Bowl"> 
<team tnum="1"><name>Connecticut</name><score>39</score><line>3.5</line></team>
<team tnum="2"><name>Toledo</name><score>10</score><line>-3.5</line></team>
</game>
</date>
<date day="2004-12-28">
<game info="Independence Bowl"> 
<team tnum="1"><name>Miami-Ohio</name><score>13</score><line>-1.0</line></team>
<team tnum="2"><name>Iowa State</name><score>17</score><line>1</line></team>
</game>
<game info="Insight Bowl"> 
<team tnum="1"><name>Oregon State</name><score>38</score><line>-4.0</line></team>
<team tnum="2"><name>Notre Dame</name><score>21</score><line>4</line></team>
</game>
</date>
<date day="2004-12-29">
<game info="Houston Bowl"> 
<team tnum="1"><name>Colorado</name><score>33</score><line>-4.0</line></team>
<team tnum="2"><name>UTEP</name><score>28</score><line>4</line></team>
</game>
<game info="Alamo Bowl"> 
<team tnum="1"><name>Ohio State</name><score>33</score><line>3.5</line></team>
<team tnum="2"><name>Oklahoma State</name><score>7</score><line>-3.5</line></team>
</game>
</date>
<date day="2004-12-30">
<game info="Continental Tire Bowl"> 
<team tnum="1"><name>Boston College</name><score>37</score><line>1.0</line></team>
<team tnum="2"><name>North Carolina</name><score>24</score><line>-1</line></team>
</game>
<game info="Emerald Bowl"> 
<team tnum="1"><name>Navy</name><score>34</score><line>3.0</line></team>
<team tnum="2"><name>New Mexico</name><score>19</score><line>-3</line></team>
</game>
<game info="Holiday Bowl"> 
<team tnum="1"><name>Texas Tech</name><score>45</score><line>10.5</line></team>
<team tnum="2"><name>California</name><score>31</score><line>-10.5</line></team>
</game>
<game info="Silicon Valley Bowl"> 
<team tnum="1"><name>Troy</name><score>21</score><line>-1.5</line></team>
<team tnum="2"><name>Northern Illinois</name><score>34</score><line>1.5</line></team>
</game>
</date>
<date day="2004-12-31">
<game info="Music City Bowl"> 
<team tnum="1"><name>Minnesota</name><score>20</score><line>1.5</line></team>
<team tnum="2"><name>Alabama</name><score>16</score><line>-1.5</line></team>
</game>
<game info="Sun Bowl"> 
<team tnum="1"><name>Arizona State</name><score>27</score><line>8.5</line></team>
<team tnum="2"><name>Purdue</name><score>23</score><line>-8.5</line></team>
</game>
<game info="Liberty Bowl"> 
<team tnum="1"><name>Boise State</name><score>40</score><line>11.0</line></team>
<team tnum="2"><name>Louisville</name><score>44</score><line>-11</line></team>
</game>
<game info="Peach Bowl"> 
<team tnum="1"><name>Florida</name><score>10</score><line>4.0</line></team>
<team tnum="2"><name>Miami-Florida</name><score>27</score><line>-4</line></team>
</game>
</date>
<date day="2005-01-01">
<game info="Outback Bowl"> 
<team tnum="1"><name>Wisconsin</name><score>21</score><line>7.5</line></team>
<team tnum="2"><name>Georgia</name><score>24</score><line>-7.5</line></team>
</game>
<game info="Cotton Bowl"> 
<team tnum="1"><name>Tennessee</name><score>38</score><line>4.5</line></team>
<team tnum="2"><name>Texas A+M</name><score>7</score><line>-4.5</line></team>
</game>
<game info="Gator Bowl"> 
<team tnum="1"><name>West Virginia</name><score>18</score><line>10.0</line></team>
<team tnum="2"><name>Florida State</name><score>30</score><line>-10</line></team>
</game>
<game info="Capital One Bowl"> 
<team tnum="1"><name>Iowa</name><score>30</score><line>6.0</line></team>
<team tnum="2"><name>Louisiana State</name><score>25</score><line>-6</line></team>
</game>
<game info="Rose Bowl"> 
<team tnum="1"><name>Michigan</name><score>37</score><line>7.5</line></team>
<team tnum="2"><name>Texas</name><score>38</score><line>-7.5</line></team>
</game>
<game info="Fiesta Bowl"> 
<team tnum="1"><name>Pittsburgh</name><score>7</score><line>14.0</line></team>
<team tnum="2"><name>Utah</name><score>35</score><line>-14</line></team>
</game>
</date>
<date day="2005-01-03">
<game info="Sugar Bowl"> 
<team tnum="1"><name>Virginia Tech</name><score>13</score><line>6.0</line></team>
<team tnum="2"><name>Auburn</name><score>16</score><line>-6</line></team>
</game>
</date>
<date day="2005-01-04">
<game info="Orange Bowl"> 
<team tnum="1"><name>Oklahoma</name><score>19</score><line>1.0</line></team>
<team tnum="2"><name>Southern Cal</name><score>55</score><line>-1</line></team>
</game>
</date>
</scores>
